week,id,x,y
1,1,1,12
1,2,10,2
1,3,5,3
1,4,4,2
1,5,5,4
1,6,14,6
1,7,7,12
1,8,11,13
1,9,10,2
1,10,17,1
1,11,6,16
1,12,10,2
1,13,14,10
1,14,1,14
1,15,13,14
1,16,5,11
1,17,4,18
1,18,4,18
1,19,11,13
1,20,1,14
1,21,1,10
1,22,12,6
1,23,15,10
1,24,7,16
1,25,1,18
1,26,12,2
1,27,10,2
1,28,9,2
1,29,1,13
1,30,13,12
1,31,17,6
1,32,10,2
1,33,5,15
1,34,13,14
1,35,17,6
1,36,1,18
1,37,7,16
1,38,4,3
1,39,3,2
1,40,8,8
1,41,12,6
1,42,3,10
1,43,17,12
1,44,4,3
1,45,14,6
1,46,18,7
1,47,3,14
1,48,9,9
1,49,14,4
1,50,1,11
1,51,5,9
1,52,13,10
1,53,1,17
1,54,12,4
1,55,11,3
1,56,14,10
1,57,1,1
1,58,19,12
1,59,7,6
1,60,4,14
1,61,2,4
1,62,8,8
1,63,16,9
1,64,1,2
1,65,16,12
1,66,3,14
1,67,17,19
1,68,7,18
1,69,17,8
1,70,14,10
1,71,16,12
1,72,1,2
1,73,9,9
1,74,4,11
1,75,3,12
1,76,5,9
1,77,20,16
1,78,10,5
1,79,16,16
1,80,4,14
1,81,7,2
1,82,10,2
1,83,13,14
1,84,13,4
1,85,3,2
1,86,20,15
1,87,16,15
1,88,1,7
1,89,12,10
1,90,9,6
1,91,4,18
1,92,16,5
1,93,9,17
1,94,16,12
1,95,4,18
1,96,6,15
1,97,1,17
1,98,2,2
1,99,13,12
1,100,4,14
1,101,11,15
1,102,7,2
1,103,5,19
1,104,5,9
1,105,17,1
1,106,4,15
1,107,6,20
1,108,4,15
1,109,2,1
1,110,20,1
1,111,1,6
1,112,4,4
1,113,13,16
1,114,14,17
1,115,2,7
1,116,17,1
1,117,10,5
1,118,7,12
1,119,4,2
1,120,1,14
1,121,18,10
1,122,1,13
1,123,9,19
1,124,7,18
1,125,13,10
1,126,9,11
1,127,5,14
1,128,9,11
1,129,10,2
1,130,9,2
1,131,2,2
1,132,16,12
1,133,8,20
1,134,1,1
1,135,5,19
1,136,14,10
1,137,1,14
1,138,2,1
1,139,8,8
1,140,11,5
1,141,17,20
1,142,4,13
1,143,8,8
1,144,6,6
1,145,17,12
1,146,2,4
1,147,16,10
1,148,13,3
1,149,1,7
1,150,17,2
1,151,14,2
1,152,16,11
1,154,1,14
1,155,1,18
1,156,4,6
1,157,15,4
1,158,11,20
1,159,13,12
1,160,8,3
1,161,12,9
1,162,5,14
1,163,3,2
1,164,12,16
1,165,18,14
1,166,1,11
1,167,2,1
1,168,4,6
1,169,1,13
1,170,7,2
1,171,9,6
1,172,7,2
1,173,14,2
1,174,7,20
1,175,6,6
1,176,15,7
1,177,1,12
2,1,2,11
2,2,9,3
2,3,5,2
2,4,5,1
2,5,4,5
2,6,15,6
2,7,7,11
2,8,12,12
2,9,9,3
2,10,17,1
2,11,7,15
2,12,9,3
2,13,13,11
2,14,1,13
2,15,13,14
2,16,6,11
2,17,3,19
2,18,3,19
2,20,1,13
2,21,1,11
2,22,13,5
2,23,15,11
2,24,7,15
2,25,1,18
2,26,11,3
2,28,10,1
2,29,1,13
2,30,13,11
2,31,18,5
2,32,9,3
2,33,6,14
2,34,13,14
2,35,18,5
2,36,1,18
2,37,7,15
2,38,5,2
2,39,3,2
2,40,7,9
2,41,12,5
2,42,2,11
2,43,16,13
2,44,5,2
2,45,13,6
2,46,19,6
2,47,2,15
2,48,8,10
2,49,13,5
2,50,1,11
2,51,5,9
2,52,14,9
2,53,1,18
2,54,13,5
2,55,10,4
2,56,15,9
2,57,1,1
2,58,19,13
2,59,6,7
2,60,5,13
2,61,1,5
2,62,7,9
2,63,16,8
2,64,1,2
2,65,15,13
2,66,2,15
2,67,16,20
2,68,8,17
2,69,16,9
2,70,15,9
2,71,15,13
2,72,1,2
2,73,10,9
2,74,3,12
2,75,3,11
2,76,5,9
2,77,19,16
2,78,10,6
2,79,15,16
2,80,5,13
2,81,8,2
2,82,9,3
2,83,13,14
2,84,12,5
2,85,2,3
2,86,19,15
2,87,15,15
2,88,1,8
2,89,12,11
2,90,8,7
2,91,3,19
2,92,15,6
2,93,8,16
2,94,17,11
2,95,5,18
2,96,7,14
2,97,1,18
2,98,3,1
2,99,12,13
2,100,5,13
2,101,10,16
2,102,8,2
2,103,6,18
2,104,5,9
2,105,18,1
2,106,4,16
2,107,5,20
2,108,3,15
2,109,2,2
2,110,19,2
2,111,1,7
2,112,5,5
2,113,12,15
2,114,14,18
2,115,1,8
2,116,17,1
2,117,10,6
2,118,8,12
2,119,3,3
2,120,1,14
2,121,17,11
2,122,1,13
2,123,8,20
2,124,8,17
2,125,14,9
2,126,10,11
2,127,6,13
2,128,9,10
2,129,9,3
2,130,10,1
2,131,2,2
2,132,17,11
2,133,7,20
2,134,1,1
2,135,6,18
2,136,15,9
2,137,1,13
2,138,2,1
2,139,7,9
2,140,12,5
2,141,16,20
2,142,5,13
2,143,7,9
2,144,5,7
2,145,16,13
2,146,1,5
2,147,17,11
2,148,12,4
2,149,1,8
2,150,17,3
2,151,15,1
2,152,17,10
2,154,1,14
2,155,1,17
2,156,5,5
2,157,14,5
2,158,10,20
2,159,12,13
2,160,7,4
2,161,11,8
2,162,6,13
2,163,3,2
2,164,11,17
2,165,18,13
2,166,1,11
2,167,2,1
2,168,4,7
2,169,1,13
2,170,6,3
2,171,10,7
2,172,8,2
2,173,15,1
2,174,6,20
2,175,5,7
2,176,14,7
2,177,2,11
3,1,1,12
3,2,10,2
3,3,4,3
3,4,4,2
3,5,5,4
3,6,14,7
3,7,7,12
3,8,11,13
3,9,10,2
3,10,17,1
3,11,6,16
3,12,9,2
3,13,13,10
3,14,1,13
3,15,13,14
3,16,5,11
3,17,4,18
3,18,4,18
3,20,2,14
3,21,1,12
3,22,12,6
3,23,16,11
3,24,6,16
3,25,1,18
3,26,10,4
3,28,9,2
3,29,1,13
3,30,12,12
3,31,17,6
3,32,9,2
3,33,5,15
3,34,13,14
3,35,17,6
3,36,1,18
3,37,6,16
3,38,4,3
3,40,8,8
3,41,11,6
3,42,1,12
3,43,16,13
3,44,4,3
3,45,13,7
3,46,18,7
3,47,3,14
3,48,9,9
3,49,12,6
3,50,1,11
3,51,5,9
3,52,13,10
3,53,1,19
3,54,12,6
3,55,10,5
3,56,14,10
3,57,1,1
3,58,19,14
3,59,5,8
3,60,4,14
3,61,2,4
3,62,8,8
3,63,17,8
3,64,1,2
3,65,14,14
3,66,3,14
3,67,15,20
3,68,7,18
3,69,15,10
3,70,14,10
3,71,14,14
3,72,1,2
3,73,10,10
3,74,4,11
3,75,2,12
3,76,5,9
3,77,20,16
3,78,11,6
3,79,16,16
3,80,4,14
3,81,7,3
3,82,9,2
3,83,13,14
3,84,11,6
3,85,2,2
3,86,20,15
3,87,16,15
3,88,1,8
3,89,13,10
3,90,7,8
3,91,4,18
3,92,14,7
3,93,7,17
3,94,16,12
3,95,4,18
3,96,6,15
3,97,1,19
3,98,2,2
3,99,11,14
3,100,4,14
3,101,11,15
3,102,7,3
3,103,5,19
3,104,5,9
3,105,19,1
3,106,4,15
3,107,4,20
3,108,4,14
3,109,2,2
3,110,19,1
3,111,1,8
3,112,4,6
3,113,12,16
3,114,14,17
3,115,1,9
3,116,17,1
3,117,10,5
3,118,7,12
3,119,4,2
3,120,1,13
3,121,16,12
3,122,1,13
3,123,7,20
3,124,7,18
3,125,13,10
3,126,9,11
3,127,5,14
3,128,9,9
3,129,10,2
3,130,9,2
3,131,2,2
3,132,16,12
3,133,6,20
3,134,1,1
3,135,5,19
3,136,14,10
3,137,1,14
3,138,2,1
3,139,8,8
3,140,11,6
3,141,15,20
3,142,4,14
3,143,8,8
3,144,6,6
3,145,17,12
3,146,2,4
3,147,16,11
3,148,11,5
3,149,1,9
3,150,17,2
3,151,14,2
3,152,16,11
3,154,1,13
3,155,1,18
3,156,4,6
3,157,13,6
3,158,9,20
3,159,13,12
3,160,6,5
3,161,11,7
3,162,5,14
3,163,4,2
3,164,12,16
3,165,17,14
3,166,1,11
3,167,2,1
3,168,3,8
3,169,1,13
3,170,7,2
3,171,9,6
3,172,7,3
3,173,14,2
3,174,5,20
3,175,6,6
3,176,15,7
3,177,1,12
4,1,2,11
4,2,9,3
4,3,5,2
4,4,5,1
4,5,5,3
4,6,14,6
4,7,7,11
4,8,12,13
4,9,9,3
4,10,17,1
4,11,7,15
4,12,8,3
4,13,12,11
4,14,1,13
4,15,13,14
4,16,6,11
4,17,3,19
4,18,3,19
4,20,1,13
4,21,2,11
4,22,13,5
4,23,15,11
4,24,7,15
4,25,1,18
4,26,9,5
4,28,10,1
4,29,1,13
4,30,13,11
4,31,18,5
4,32,8,3
4,33,6,14
4,34,13,14
4,35,18,5
4,36,1,18
4,37,7,15
4,38,5,2
4,40,7,9
4,41,12,5
4,42,2,11
4,43,15,14
4,44,5,2
4,45,12,8
4,46,19,6
4,47,2,15
4,48,8,10
4,49,13,5
4,50,1,11
4,51,5,9
4,52,14,9
4,53,1,20
4,54,12,5
4,55,9,6
4,56,15,9
4,57,1,1
4,58,19,13
4,59,5,7
4,60,5,13
4,61,1,5
4,62,7,9
4,63,16,8
4,64,1,2
4,65,13,15
4,66,4,13
4,67,14,20
4,68,8,17
4,69,16,9
4,70,15,9
4,71,13,15
4,72,1,2
4,73,10,9
4,74,3,12
4,75,3,12
4,76,5,9
4,77,19,16
4,78,10,7
4,79,15,16
4,80,5,13
4,81,8,2
4,82,8,3
4,83,12,14
4,84,12,5
4,85,1,3
4,86,19,15
4,87,15,15
4,88,1,8
4,89,12,11
4,90,6,9
4,91,3,19
4,92,15,6
4,93,8,16
4,94,17,11
4,95,5,18
4,96,7,14
4,97,1,18
4,98,3,1
4,99,12,13
4,100,5,13
4,101,10,16
4,102,8,2
4,103,5,18
4,104,5,9
4,105,18,1
4,106,4,16
4,107,5,19
4,108,3,15
4,110,18,2
4,111,1,9
4,112,5,5
4,113,11,17
4,114,14,18
4,115,1,10
4,116,17,1
4,117,9,6
4,118,8,12
4,119,3,3
4,120,1,13
4,121,17,11
4,122,1,13
4,123,6,20
4,124,8,17
4,125,14,9
4,126,10,11
4,127,6,14
4,128,9,10
4,129,9,3
4,130,10,1
4,131,2,2
4,132,17,11
4,133,5,20
4,134,1,1
4,135,6,18
4,136,15,9
4,137,1,13
4,138,2,1
4,139,7,9
4,140,12,5
4,141,14,20
4,142,5,13
4,143,7,9
4,144,5,7
4,145,16,13
4,146,1,5
4,147,15,12
4,148,12,5
4,149,1,10
4,150,17,3
4,151,15,1
4,152,17,10
4,154,1,13
4,155,1,19
4,156,4,5
4,157,12,7
4,158,8,20
4,159,12,13
4,160,5,6
4,161,11,8
4,162,6,13
4,163,3,3
4,164,11,17
4,165,18,14
4,166,1,12
4,167,2,1
4,168,4,7
4,169,1,13
4,170,6,3
4,171,10,7
4,172,8,2
4,173,15,1
4,174,4,20
4,175,5,7
4,176,14,8
4,177,2,11
5,1,1,12
5,2,10,2
5,3,4,3
5,4,4,2
5,5,4,4
5,6,15,7
5,7,7,12
5,8,12,12
5,9,10,2
5,10,17,1
5,11,6,16
5,12,9,2
5,13,13,10
5,14,1,13
5,15,13,14
5,16,5,11
5,17,4,18
5,18,4,18
5,20,1,13
5,21,1,10
5,22,12,6
5,23,16,11
5,24,6,16
5,25,1,18
5,26,10,5
5,28,9,2
5,29,1,13
5,30,13,12
5,31,17,6
5,32,9,2
5,33,6,15
5,34,13,14
5,35,17,6
5,36,1,18
5,37,6,16
5,38,4,3
5,40,8,8
5,41,11,6
5,42,3,11
5,43,14,15
5,44,4,3
5,45,13,7
5,46,18,7
5,47,3,14
5,48,9,9
5,49,12,6
5,50,1,10
5,51,5,9
5,52,13,10
5,53,1,20
5,54,11,6
5,55,10,5
5,56,14,10
5,57,1,1
5,58,18,13
5,59,6,6
5,60,4,14
5,61,2,4
5,62,8,8
5,63,17,8
5,64,1,2
5,65,12,16
5,66,3,14
5,67,13,20
5,68,7,18
5,69,15,10
5,70,14,10
5,71,12,16
5,72,1,2
5,73,10,10
5,74,4,11
5,75,3,11
5,76,5,9
5,77,20,15
5,78,11,6
5,79,16,16
5,80,4,14
5,81,7,3
5,82,9,2
5,83,13,14
5,84,11,6
5,85,2,4
5,86,19,14
5,87,16,15
5,88,1,9
5,89,11,12
5,90,5,10
5,91,4,18
5,92,14,7
5,93,7,17
5,94,16,12
5,95,4,19
5,96,6,15
5,97,1,19
5,98,2,1
5,99,11,14
5,100,4,14
5,101,9,17
5,102,7,3
5,103,4,19
5,104,5,9
5,105,17,1
5,106,5,15
5,107,4,20
5,108,3,14
5,110,19,1
5,111,1,10
5,112,5,4
5,113,10,18
5,114,14,17
5,115,1,11
5,116,17,1
5,117,10,5
5,118,8,13
5,119,4,2
5,120,1,13
5,121,16,12
5,122,2,13
5,123,5,20
5,124,7,18
5,125,13,10
5,126,11,10
5,127,5,15
5,128,9,11
5,129,10,2
5,130,9,2
5,131,2,1
5,132,16,12
5,133,4,20
5,134,1,1
5,135,6,17
5,136,14,10
5,137,1,13
5,138,2,1
5,139,8,8
5,140,11,6
5,141,13,20
5,142,4,14
5,143,8,8
5,144,6,6
5,145,17,12
5,146,2,4
5,147,16,11
5,148,11,6
5,149,1,11
5,150,17,2
5,151,14,2
5,152,16,11
5,154,1,13
5,155,1,18
5,156,4,6
5,157,13,6
5,158,7,20
5,159,13,12
5,160,6,6
5,161,11,7
5,162,5,14
5,163,2,4
5,164,10,18
5,165,18,13
5,166,1,13
5,167,2,1
5,168,3,8
5,169,1,13
5,170,7,2
5,171,9,8
5,172,7,3
5,174,3,20
5,175,6,6
5,176,14,7
5,177,1,12
6,1,2,11
6,2,9,3
6,3,5,2
6,4,5,1
6,5,5,3
6,6,15,6
6,7,7,11
6,8,12,13
6,9,9,3
6,10,17,1
6,11,7,15
6,12,8,3
6,13,12,11
6,14,1,13
6,15,13,14
6,16,6,11
6,17,3,19
6,18,3,19
6,20,1,13
6,21,1,11
6,22,13,5
6,23,15,11
6,24,7,15
6,25,1,18
6,26,9,6
6,28,10,1
6,29,1,13
6,30,13,11
6,31,18,5
6,32,8,3
6,33,5,16
6,34,13,14
6,35,18,5
6,36,1,18
6,37,7,15
6,38,5,2
6,40,7,9
6,41,12,5
6,42,2,12
6,43,13,16
6,44,5,2
6,45,13,8
6,46,19,6
6,47,2,15
6,48,10,9
6,49,13,5
6,50,1,11
6,51,5,9
6,52,14,9
6,53,1,20
6,54,12,5
6,55,9,6
6,56,14,9
6,57,1,1
6,58,19,13
6,59,5,7
6,60,4,13
6,61,1,5
6,62,7,9
6,63,16,9
6,64,1,2
6,65,12,15
6,66,4,13
6,67,12,20
6,68,8,17
6,69,16,9
6,70,15,9
6,71,12,15
6,72,1,2
6,73,10,9
6,74,3,12
6,75,2,12
6,76,5,9
6,77,19,16
6,78,10,7
6,79,15,16
6,80,5,13
6,81,8,2
6,82,8,3
6,83,13,14
6,84,12,5
6,85,3,3
6,86,19,15
6,87,15,15
6,88,1,10
6,89,12,11
6,90,5,9
6,91,3,19
6,92,15,6
6,93,8,16
6,94,17,11
6,95,5,18
6,96,6,14
6,97,1,18
6,98,1,2
6,99,12,13
6,100,5,13
6,101,8,18
6,102,8,2
6,103,5,18
6,104,5,9
6,105,18,1
6,106,4,16
6,107,3,20
6,108,3,15
6,110,20,1
6,111,1,11
6,112,5,5
6,113,11,17
6,114,14,18
6,115,1,10
6,116,17,1
6,117,9,6
6,118,8,12
6,119,3,3
6,120,1,13
6,121,17,11
6,122,1,13
6,123,4,20
6,124,8,17
6,125,14,9
6,126,10,11
6,127,6,14
6,128,9,10
6,129,9,3
6,130,10,1
6,131,1,2
6,132,17,11
6,133,3,20
6,134,1,1
6,135,6,18
6,136,15,9
6,137,1,13
6,138,2,1
6,139,7,9
6,140,12,5
6,141,12,20
6,142,5,13
6,143,7,9
6,144,5,7
6,145,16,13
6,146,1,5
6,147,15,12
6,148,12,5
6,149,1,10
6,150,17,3
6,151,15,1
6,152,17,10
6,154,1,13
6,155,1,19
6,156,4,5
6,157,12,7
6,158,6,20
6,159,12,13
6,160,5,7
6,161,11,8
6,162,6,13
6,163,3,3
6,164,11,17
6,165,17,14
6,166,1,12
6,167,2,1
6,168,4,7
6,169,1,13
6,170,6,3
6,171,10,7
6,172,8,2
6,174,4,20
6,175,5,7
6,176,13,8
6,177,2,11
7,1,1,12
7,2,10,2
7,3,4,3
7,4,4,2
7,5,5,4
7,6,14,7
7,7,7,12
7,8,12,12
7,9,10,2
7,10,17,1
7,11,6,16
7,12,9,2
7,13,13,10
7,14,1,13
7,15,13,14
7,16,5,11
7,17,4,20
7,18,4,20
7,20,1,13
7,21,1,10
7,22,12,6
7,23,15,10
7,24,6,16
7,25,1,18
7,26,10,5
7,28,9,2
7,29,1,13
7,30,13,12
7,31,17,6
7,32,9,2
7,33,6,15
7,34,13,14
7,35,17,6
7,36,1,18
7,37,6,16
7,38,4,3
7,40,8,8
7,41,11,6
7,42,3,11
7,43,14,15
7,44,4,3
7,45,13,7
7,46,18,7
7,47,3,14
7,48,9,9
7,49,12,6
7,50,1,11
7,51,5,9
7,52,13,10
7,53,1,20
7,54,11,6
7,55,10,5
7,56,13,10
7,57,1,2
7,58,18,13
7,59,6,6
7,60,3,14
7,61,2,4
7,62,8,8
7,63,16,8
7,64,1,2
7,65,13,14
7,66,3,14
7,67,11,20
7,68,7,18
7,69,15,10
7,70,14,10
7,71,13,14
7,72,1,2
7,73,9,10
7,74,3,11
7,75,3,11
7,76,5,9
7,77,20,16
7,78,11,6
7,79,16,16
7,80,4,14
7,81,7,3
7,82,9,2
7,83,12,14
7,84,11,6
7,85,2,4
7,86,19,14
7,87,16,15
7,88,1,11
7,89,11,12
7,90,4,10
7,91,4,20
7,92,14,7
7,93,7,17
7,94,16,12
7,95,4,19
7,96,7,14
7,97,1,19
7,98,2,1
7,99,11,14
7,100,4,14
7,101,7,19
7,102,7,3
7,103,4,19
7,104,5,9
7,105,17,1
7,106,4,17
7,107,4,20
7,108,3,14
7,110,19,1
7,111,1,10
7,112,5,6
7,113,10,18
7,114,14,17
7,115,1,11
7,116,17,1
7,117,10,5
7,118,7,12
7,119,4,2
7,120,1,13
7,121,16,12
7,122,1,13
7,123,3,20
7,124,7,18
7,125,13,10
7,126,9,11
7,127,5,15
7,128,9,11
7,129,10,2
7,130,9,2
7,131,1,3
7,132,16,12
7,133,4,20
7,134,1,1
7,135,6,17
7,136,14,10
7,137,1,13
7,138,2,1
7,139,8,8
7,140,11,6
7,141,11,20
7,142,4,14
7,143,8,8
7,144,6,6
7,145,17,12
7,146,2,4
7,147,16,11
7,148,11,6
7,149,1,11
7,150,17,2
7,151,14,2
7,152,16,11
7,154,1,13
7,155,1,18
7,156,4,6
7,157,13,6
7,158,5,20
7,159,13,12
7,160,6,6
7,161,11,7
7,162,5,14
7,163,2,4
7,164,10,18
7,165,18,13
7,166,1,11
7,167,2,1
7,168,3,8
7,169,1,13
7,170,7,2
7,171,9,8
7,172,7,3
7,174,3,20
7,175,6,6
7,176,14,7
7,177,1,12
8,1,1,11
8,2,9,3
8,3,5,2
8,4,5,1
8,5,5,3
8,6,15,6
8,7,7,11
8,9,9,3
8,10,17,1
8,11,7,15
8,12,8,3
8,13,12,11
8,14,1,13
8,15,13,14
8,16,6,11
8,17,4,20
8,18,4,20
8,20,1,13
8,21,1,11
8,22,13,5
8,23,15,11
8,24,7,15
8,25,1,18
8,26,9,6
8,28,10,1
8,29,1,13
8,30,13,11
8,31,18,5
8,32,8,3
8,33,6,14
8,34,13,14
8,35,18,5
8,36,1,18
8,37,7,15
8,38,5,2
8,40,7,9
8,41,12,5
8,42,4,11
8,43,13,16
8,44,5,2
8,45,12,8
8,46,19,6
8,47,2,15
8,48,10,9
8,49,13,5
8,50,1,11
8,51,5,9
8,52,14,9
8,53,1,20
8,54,12,5
8,55,9,6
8,56,14,9
8,57,2,1
8,58,19,13
8,59,5,7
8,60,4,13
8,61,1,5
8,62,7,9
8,63,16,9
8,64,1,2
8,65,12,15
8,66,4,13
8,67,10,20
8,68,8,17
8,69,16,9
8,70,15,9
8,71,12,15
8,72,1,2
8,73,10,9
8,74,4,11
8,75,2,12
8,76,5,9
8,77,19,16
8,78,10,7
8,80,5,13
8,81,8,2
8,82,8,3
8,83,13,14
8,84,12,5
8,85,3,3
8,86,19,15
8,87,15,15
8,88,1,10
8,89,12,11
8,90,5,9
8,91,4,20
8,92,15,6
8,93,8,16
8,94,17,11
8,95,5,18
8,96,6,14
8,97,1,18
8,98,1,2
8,99,12,13
8,100,5,13
8,101,6,20
8,102,8,2
8,103,5,18
8,104,5,9
8,105,18,1
8,106,4,16
8,107,3,20
8,108,3,15
8,110,18,1
8,111,1,11
8,112,5,5
8,113,11,17
8,114,14,18
8,115,1,10
8,116,17,1
8,117,9,6
8,118,8,12
8,119,3,3
8,120,1,13
8,121,17,11
8,122,1,13
8,123,4,20
8,124,8,17
8,125,14,9
8,126,10,11
8,127,6,14
8,128,8,12
8,129,9,3
8,130,10,1
8,131,1,4
8,132,17,11
8,133,3,20
8,134,1,2
8,135,6,18
8,136,15,9
8,137,1,13
8,138,2,1
8,139,7,9
8,140,12,5
8,141,10,20
8,142,5,13
8,143,7,9
8,144,5,7
8,145,16,13
8,146,1,5
8,147,15,12
8,148,12,5
8,149,1,10
8,150,17,3
8,151,15,1
8,152,17,10
8,154,1,13
8,155,1,19
8,156,4,5
8,157,12,7
8,158,4,20
8,159,12,13
8,160,5,7
8,161,11,8
8,162,6,13
8,163,3,3
8,164,11,17
8,165,17,14
8,166,1,11
8,167,2,1
8,168,4,7
8,169,1,13
8,170,6,3
8,171,10,7
8,172,8,2
8,174,4,20
8,175,5,7
8,176,13,8
8,177,2,11
9,1,1,11
9,2,10,2
9,3,4,3
9,4,4,2
9,5,4,4
9,6,14,7
9,7,7,12
9,9,10,2
9,10,17,1
9,11,6,16
9,12,9,2
9,13,12,10
9,14,1,13
9,15,13,14
9,16,5,11
9,17,4,20
9,18,4,20
9,20,1,13
9,21,1,10
9,22,12,6
9,23,15,10
9,24,6,16
9,25,1,18
9,26,10,5
9,28,9,2
9,29,1,13
9,30,13,12
9,31,17,6
9,32,9,2
9,33,5,15
9,34,14,15
9,35,17,6
9,36,1,18
9,37,6,16
9,38,4,3
9,40,8,8
9,41,11,6
9,42,3,12
9,43,14,15
9,44,4,3
9,45,13,7
9,46,18,7
9,47,3,14
9,48,9,9
9,49,12,6
9,50,1,11
9,51,5,9
9,52,13,10
9,53,1,20
9,54,11,6
9,55,10,5
9,56,13,10
9,57,1,2
9,58,19,12
9,59,6,6
9,60,3,14
9,61,2,4
9,62,8,8
9,63,16,8
9,64,1,2
9,65,13,14
9,66,3,14
9,67,9,20
9,68,7,18
9,69,15,10
9,70,14,10
9,71,13,14
9,72,1,2
9,73,9,10
9,74,3,12
9,75,3,11
9,76,5,9
9,77,20,16
9,78,11,6
9,80,4,14
9,81,7,3
9,82,9,2
9,83,13,14
9,84,11,6
9,85,2,4
9,86,18,15
9,87,16,15
9,88,1,11
9,89,11,12
9,90,4,10
9,91,4,20
9,92,14,7
9,93,7,17
9,94,16,12
9,95,4,19
9,96,7,14
9,97,1,19
9,98,2,1
9,99,11,14
9,100,4,14
9,101,5,20
9,102,7,3
9,103,4,19
9,104,5,9
9,105,17,2
9,106,5,16
9,107,4,20
9,108,4,15
9,110,19,1
9,111,1,10
9,112,5,6
9,113,10,18
9,114,14,17
9,115,1,11
9,116,17,1
9,117,10,5
9,118,7,13
9,119,4,2
9,120,1,13
9,121,16,12
9,122,1,13
9,123,3,20
9,124,7,18
9,125,13,10
9,126,9,10
9,127,5,15
9,128,9,11
9,129,10,2
9,130,9,2
9,131,1,5
9,132,16,12
9,133,4,20
9,134,1,3
9,135,6,17
9,136,14,10
9,137,1,13
9,138,2,1
9,139,8,8
9,140,11,6
9,141,9,20
9,142,4,14
9,143,8,8
9,144,6,6
9,145,17,12
9,146,2,4
9,147,16,11
9,148,11,6
9,149,1,11
9,150,17,2
9,151,14,2
9,152,16,11
9,154,1,13
9,155,1,18
9,156,4,6
9,157,13,6
9,158,3,20
9,159,13,12
9,160,6,6
9,161,11,9
9,162,5,14
9,163,2,4
9,164,10,18
9,165,18,13
9,166,1,11
9,167,2,1
9,168,3,8
9,169,1,13
9,170,7,2
9,171,9,8
9,172,7,3
9,174,3,20
9,175,6,6
9,176,14,7
9,177,1,11
10,1,1,11
10,2,9,3
10,3,5,2
10,4,5,1
10,5,5,3
10,6,15,6
10,7,7,11
10,9,9,3
10,10,17,1
10,11,7,15
10,12,8,3
10,13,11,11
10,14,1,13
10,15,13,14
10,16,6,11
10,17,4,20
10,18,4,20
10,20,1,13
10,21,1,11
10,22,13,5
10,23,15,11
10,24,7,15
10,25,1,18
10,26,9,6
10,28,10,1
10,29,1,13
10,30,13,11
10,31,18,5
10,32,8,3
10,33,6,15
10,34,13,14
10,35,18,5
10,36,1,18
10,37,7,15
10,38,5,2
10,40,7,9
10,41,12,5
10,42,4,11
10,44,5,2
10,45,12,8
10,46,19,6
10,47,2,15
10,48,10,9
10,49,13,5
10,50,1,11
10,51,5,9
10,52,14,9
10,53,1,20
10,54,12,5
10,55,9,6
10,56,14,9
10,57,1,3
10,58,19,13
10,59,5,7
10,60,4,13
10,61,1,5
10,62,7,9
10,63,16,9
10,64,1,2
10,65,12,15
10,66,4,13
10,67,8,20
10,68,8,17
10,69,16,9
10,70,15,9
10,71,12,15
10,72,1,2
10,73,10,9
10,74,4,11
10,75,4,11
10,76,5,9
10,77,19,16
10,78,10,7
10,80,5,13
10,81,8,2
10,82,8,3
10,83,13,14
10,84,12,5
10,85,3,3
10,86,19,15
10,87,15,15
10,88,1,10
10,89,12,11
10,90,5,9
10,91,4,20
10,92,15,6
10,93,8,16
10,94,17,11
10,95,4,18
10,96,7,15
10,97,1,18
10,98,1,2
10,99,12,13
10,100,5,13
10,101,4,20
10,102,8,2
10,103,5,18
10,104,5,9
10,105,18,1
10,106,4,16
10,107,3,20
10,108,3,15
10,110,20,1
10,111,1,11
10,112,5,5
10,113,11,17
10,114,14,18
10,115,1,10
10,116,17,1
10,117,9,6
10,118,8,12
10,119,3,3
10,120,1,13
10,121,17,11
10,122,1,13
10,123,4,20
10,124,8,17
10,125,14,9
10,126,10,11
10,127,6,14
10,128,8,12
10,129,9,3
10,130,10,1
10,131,1,6
10,132,17,11
10,133,3,20
10,134,1,2
10,135,6,18
10,136,15,9
10,137,1,13
10,138,2,1
10,139,7,9
10,140,12,5
10,141,8,20
10,142,5,13
10,143,7,9
10,144,5,7
10,145,16,13
10,146,1,5
10,147,15,12
10,148,12,5
10,149,1,10
10,150,17,3
10,151,15,1
10,152,17,10
10,154,1,13
10,155,1,19
10,156,4,5
10,157,12,7
10,158,4,20
10,159,12,13
10,160,5,7
10,161,11,8
10,162,6,13
10,163,3,3
10,164,11,17
10,165,19,14
10,166,1,11
10,167,2,1
10,168,4,7
10,169,1,13
10,170,6,3
10,171,10,7
10,172,8,2
10,174,4,20
10,175,5,7
10,176,13,8
10,177,1,11
11,1,1,11
11,2,10,2
11,3,4,3
11,4,4,2
11,5,4,4
11,6,14,7
11,7,7,12
11,9,10,2
11,10,17,1
11,11,6,16
11,12,9,2
11,13,12,10
11,14,1,13
11,15,12,14
11,16,5,11
11,17,4,20
11,18,4,20
11,20,1,13
11,21,1,10
11,22,12,6
11,23,15,10
11,24,6,16
11,25,1,18
11,26,10,5
11,28,9,2
11,29,1,13
11,30,13,10
11,31,17,6
11,32,9,2
11,33,5,15
11,34,13,14
11,35,17,6
11,36,1,18
11,37,6,16
11,38,4,3
11,40,8,8
11,41,11,6
11,42,3,12
11,44,4,3
11,45,13,7
11,46,18,7
11,47,3,14
11,48,9,9
11,49,12,6
11,50,1,11
11,51,5,9
11,52,13,10
11,53,1,20
11,54,11,6
11,55,10,5
11,56,13,10
11,57,1,2
11,58,19,12
11,59,6,6
11,60,3,14
11,61,2,4
11,62,8,8
11,63,16,8
11,64,1,2
11,65,13,14
11,66,3,14
11,67,7,20
11,68,7,18
11,69,15,10
11,70,14,10
11,71,13,14
11,72,1,2
11,73,9,10
11,74,3,12
11,75,3,11
11,76,5,9
11,77,20,16
11,78,11,6
11,80,4,14
11,81,7,3
11,82,9,2
11,83,13,14
11,84,11,6
11,85,2,4
11,86,20,14
11,87,15,16
11,88,1,11
11,89,12,10
11,90,4,10
11,91,4,20
11,92,14,7
11,93,7,17
11,94,16,12
11,95,5,17
11,96,7,14
11,97,1,19
11,98,1,2
11,99,11,14
11,100,4,14
11,101,3,20
11,102,7,3
11,103,6,17
11,104,5,9
11,105,17,1
11,106,4,15
11,107,4,20
11,108,4,14
11,110,19,1
11,111,1,10
11,112,5,6
11,113,10,18
11,114,14,17
11,115,1,11
11,116,17,1
11,117,10,5
11,118,7,13
11,119,4,2
11,120,1,13
11,121,16,12
11,122,1,13
11,123,3,20
11,124,7,18
11,125,13,10
11,126,10,10
11,127,5,14
11,128,9,11
11,129,10,2
11,130,9,2
11,131,1,7
11,132,16,12
11,133,4,20
11,134,1,3
11,135,6,17
11,136,14,10
11,137,1,13
11,138,2,1
11,139,8,8
11,140,11,6
11,141,7,20
11,142,4,14
11,143,8,8
11,144,6,6
11,145,17,12
11,146,2,4
11,147,16,11
11,148,11,6
11,149,1,11
11,150,18,2
11,151,14,2
11,152,16,11
11,154,1,13
11,155,1,18
11,156,4,6
11,157,13,6
11,158,3,20
11,159,13,12
11,160,6,6
11,161,11,7
11,162,5,14
11,163,2,4
11,164,10,18
11,165,18,13
11,166,1,11
11,167,2,1
11,168,3,8
11,169,1,13
11,170,7,2
11,171,9,8
11,172,7,3
11,174,3,20
11,175,6,6
11,176,14,8
11,177,2,11
12,1,1,11
12,2,9,3
12,3,5,2
12,4,5,1
12,5,5,3
12,6,15,7
12,7,7,11
12,9,9,3
12,10,17,1
12,11,7,15
12,12,8,3
12,13,11,11
12,14,1,13
12,15,13,14
12,16,6,11
12,17,4,20
12,18,4,20
12,20,1,13
12,21,1,11
12,22,13,5
12,23,15,11
12,24,7,15
12,25,1,18
12,26,9,6
12,28,10,1
12,29,1,13
12,30,13,11
12,31,18,5
12,32,8,3
12,33,6,15
12,34,13,14
12,35,18,5
12,36,1,18
12,37,7,15
12,38,5,2
12,40,7,9
12,41,12,5
12,42,4,11
12,44,5,2
12,45,13,8
12,46,19,6
12,47,2,15
12,48,10,9
12,49,13,5
12,50,1,11
12,51,5,9
12,52,14,9
12,53,1,20
12,54,12,5
12,55,9,6
12,56,14,9
12,57,1,3
12,58,19,13
12,59,5,7
12,60,4,13
12,61,1,5
12,62,7,9
12,63,16,9
12,64,1,2
12,65,12,15
12,66,4,13
12,67,6,20
12,68,8,17
12,69,16,9
12,70,15,9
12,71,12,15
12,72,1,2
12,73,10,9
12,74,4,11
12,75,2,12
12,76,5,9
12,77,19,16
12,78,10,7
12,80,5,13
12,81,8,2
12,82,8,3
12,83,13,14
12,84,12,5
12,85,3,3
12,86,19,15
12,87,15,15
12,88,1,10
12,89,12,11
12,90,5,9
12,91,4,20
12,92,15,6
12,93,8,16
12,94,17,11
12,95,5,18
12,96,7,15
12,97,1,18
12,98,1,2
12,99,12,13
12,100,5,13
12,101,4,20
12,102,8,2
12,103,5,18
12,104,5,9
12,105,17,1
12,106,4,16
12,107,3,20
12,108,3,15
12,110,18,1
12,111,1,11
12,112,5,5
12,113,11,17
12,114,14,18
12,115,1,10
12,116,17,1
12,117,9,6
12,118,8,12
12,119,3,3
12,120,1,13
12,121,17,11
12,122,1,13
12,123,4,20
12,124,8,17
12,125,14,9
12,126,10,11
12,127,6,14
12,128,8,12
12,129,9,3
12,130,10,1
12,131,1,8
12,132,17,11
12,133,3,20
12,134,1,2
12,135,6,18
12,136,15,9
12,137,1,13
12,138,2,1
12,139,7,9
12,140,12,5
12,141,6,20
12,142,5,13
12,143,7,9
12,144,5,7
12,145,16,13
12,146,1,5
12,147,15,12
12,148,12,5
12,149,1,10
12,150,17,3
12,151,15,1
12,152,17,10
12,154,1,13
12,155,1,19
12,156,4,5
12,157,12,7
12,158,4,20
12,159,12,13
12,160,5,7
12,161,11,8
12,162,6,13
12,163,3,3
12,164,11,17
12,165,18,12
12,166,1,11
12,167,2,1
12,168,4,7
12,169,1,13
12,170,6,3
12,171,10,7
12,172,8,2
12,174,4,20
12,175,5,7
12,176,13,9
12,177,1,11
13,1,2,11
13,2,10,2
13,3,4,3
13,4,4,2
13,5,5,4
13,6,16,6
13,7,7,12
13,9,10,2
13,10,17,1
13,11,6,16
13,12,9,2
13,13,12,10
13,14,1,13
13,15,13,14
13,16,5,11
13,17,4,20
13,18,4,20
13,20,1,13
13,21,1,10
13,22,12,6
13,23,15,10
13,24,6,16
13,25,1,18
13,26,10,5
13,28,9,2
13,29,1,13
13,30,13,12
13,31,17,6
13,32,9,2
13,33,5,15
13,34,13,14
13,35,17,6
13,36,1,18
13,37,6,16
13,38,4,3
13,40,8,8
13,41,11,6
13,42,3,12
13,44,4,3
13,45,13,7
13,46,18,7
13,47,3,14
13,48,9,9
13,49,12,6
13,50,1,11
13,51,5,9
13,52,13,10
13,53,1,20
13,54,11,6
13,55,10,5
13,56,13,10
13,57,1,2
13,58,19,14
13,59,6,6
13,60,3,14
13,61,2,4
13,62,8,8
13,63,16,8
13,64,1,2
13,65,13,14
13,66,3,14
13,67,5,20
13,68,7,18
13,69,15,10
13,70,14,10
13,71,13,14
13,72,1,2
13,73,9,10
13,74,3,12
13,75,3,11
13,76,5,9
13,77,20,16
13,78,11,6
13,80,4,14
13,81,7,3
13,82,9,2
13,83,14,15
13,84,11,6
13,85,2,4
13,86,20,15
13,87,14,15
13,88,1,11
13,89,12,10
13,90,4,10
13,91,4,20
13,92,14,7
13,93,7,17
13,94,16,12
13,95,4,19
13,96,7,14
13,97,1,19
13,98,1,2
13,99,11,14
13,100,4,14
13,101,3,20
13,102,7,3
13,103,4,19
13,104,5,9
13,105,18,2
13,106,5,16
13,107,4,20
13,108,3,14
13,110,19,2
13,111,1,10
13,112,5,6
13,113,10,18
13,114,14,17
13,115,1,11
13,116,17,1
13,117,10,5
13,118,7,13
13,119,4,2
13,120,1,13
13,121,16,12
13,122,1,13
13,123,3,20
13,124,7,18
13,125,13,10
13,126,10,10
13,127,5,14
13,128,9,11
13,129,10,2
13,130,9,2
13,131,1,9
13,132,16,12
13,133,4,20
13,134,1,3
13,135,6,17
13,136,14,10
13,137,1,13
13,138,2,1
13,139,8,8
13,140,11,6
13,141,5,20
13,142,4,14
13,143,8,8
13,144,6,6
13,145,17,12
13,146,2,4
13,147,16,11
13,148,11,6
13,149,1,11
13,150,17,2
13,151,14,2
13,152,16,11
13,154,1,13
13,155,1,18
13,156,4,6
13,157,13,6
13,158,3,20
13,159,13,12
13,160,6,6
13,161,11,7
13,162,5,14
13,163,2,4
13,164,10,18
13,165,18,13
13,166,1,11
13,167,2,1
13,168,3,8
13,169,1,13
13,170,7,2
13,171,9,8
13,172,7,3
13,174,3,20
13,175,6,6
13,176,14,8
13,177,1,11
14,1,1,11
14,2,9,3
14,3,5,2
14,4,5,1
14,6,15,6
14,7,7,11
14,9,9,3
14,10,17,1
14,11,7,15
14,12,8,3
14,13,11,11
14,14,1,13
14,15,13,14
14,16,6,11
14,17,4,20
14,18,4,20
14,20,1,13
14,21,1,11
14,22,13,5
14,23,15,11
14,24,7,15
14,25,1,18
14,26,9,6
14,28,10,1
14,29,1,13
14,30,13,11
14,31,18,5
14,32,8,3
14,33,6,15
14,34,13,14
14,35,18,5
14,36,1,18
14,37,7,15
14,38,5,2
14,40,7,9
14,41,12,5
14,42,4,11
14,44,5,2
14,45,12,7
14,46,19,6
14,47,2,15
14,48,10,9
14,49,13,5
14,50,1,11
14,51,5,9
14,52,14,9
14,53,1,20
14,54,12,5
14,55,9,6
14,56,14,9
14,57,1,3
14,58,20,13
14,59,5,7
14,60,4,13
14,61,1,5
14,62,7,9
14,63,16,9
14,64,1,2
14,65,12,15
14,66,4,13
14,67,4,20
14,68,8,17
14,69,16,9
14,70,15,9
14,71,12,15
14,72,1,2
14,73,10,9
14,74,4,11
14,75,2,12
14,76,5,9
14,77,19,16
14,78,10,7
14,80,5,13
14,81,8,2
14,82,8,3
14,83,13,14
14,84,12,5
14,85,3,3
14,86,19,15
14,87,15,15
14,88,1,10
14,89,12,11
14,90,5,9
14,91,4,20
14,92,15,6
14,93,8,16
14,94,17,11
14,95,5,18
14,96,6,14
14,97,1,18
14,98,1,2
14,99,12,13
14,100,5,13
14,101,4,20
14,102,8,2
14,103,5,18
14,104,5,9
14,105,18,1
14,106,4,16
14,107,3,20
14,108,3,15
14,110,19,1
14,111,1,11
14,112,5,5
14,113,11,17
14,114,14,18
14,115,1,10
14,116,17,1
14,117,9,6
14,118,8,12
14,119,3,3
14,120,1,13
14,121,17,11
14,122,1,13
14,123,4,20
14,124,8,17
14,125,14,9
14,126,10,11
14,128,8,12
14,129,9,3
14,130,10,1
14,131,1,10
14,132,17,11
14,133,3,20
14,134,1,2
14,135,6,18
14,136,15,9
14,137,1,13
14,138,2,1
14,139,7,9
14,140,12,5
14,141,4,20
14,142,5,13
14,143,7,9
14,144,5,7
14,145,16,13
14,146,1,5
14,147,15,12
14,148,12,5
14,149,1,10
14,150,17,3
14,151,15,1
14,152,17,10
14,154,1,13
14,155,1,19
14,156,4,5
14,157,12,7
14,158,4,20
14,159,12,13
14,160,5,7
14,161,10,7
14,162,6,13
14,163,3,3
14,164,11,17
14,165,19,13
14,166,1,11
14,167,2,1
14,168,4,7
14,169,1,13
14,170,6,3
14,171,10,7
14,172,8,2
14,174,4,20
14,175,5,7
14,176,13,8
14,177,1,11
15,1,2,11
15,2,10,2
15,3,4,3
15,4,4,2
15,6,14,7
15,7,7,12
15,9,10,2
15,10,17,1
15,11,6,16
15,12,9,2
15,13,12,10
15,14,1,13
15,15,13,14
15,16,5,11
15,17,4,20
15,18,4,20
15,20,1,13
15,21,1,10
15,22,12,6
15,23,16,11
15,24,6,16
15,25,1,18
15,26,10,5
15,28,9,2
15,29,1,13
15,30,13,12
15,31,17,6
15,32,9,2
15,33,5,15
15,34,13,14
15,35,17,6
15,36,1,18
15,37,6,16
15,38,4,3
15,40,8,8
15,41,11,6
15,42,3,12
15,44,4,3
15,45,13,6
15,46,18,7
15,47,3,14
15,48,9,9
15,49,12,6
15,50,1,11
15,51,5,9
15,52,13,10
15,53,1,20
15,54,11,6
15,55,10,5
15,56,13,10
15,57,1,2
15,58,19,14
15,59,6,6
15,60,3,14
15,61,2,4
15,62,8,8
15,63,17,8
15,64,1,2
15,65,13,14
15,66,3,14
15,67,3,20
15,68,7,18
15,69,15,10
15,70,14,10
15,71,13,14
15,72,1,2
15,73,9,10
15,74,3,12
15,75,2,11
15,76,5,9
15,77,20,16
15,78,11,6
15,80,4,14
15,81,7,3
15,82,9,2
15,83,13,14
15,84,11,6
15,85,2,4
15,86,18,15
15,87,15,16
15,88,1,11
15,89,12,12
15,90,4,10
15,91,4,20
15,92,14,7
15,93,7,17
15,94,16,12
15,95,4,19
15,96,7,14
15,97,1,19
15,98,1,2
15,99,11,14
15,100,4,14
15,101,3,20
15,102,7,3
15,103,4,19
15,104,5,9
15,105,17,1
15,106,4,15
15,107,4,20
15,108,4,15
15,110,20,1
15,111,1,10
15,112,5,6
15,113,10,18
15,114,14,17
15,115,1,11
15,116,17,1
15,117,10,5
15,118,7,13
15,119,4,2
15,120,1,13
15,121,16,12
15,122,1,13
15,123,3,20
15,124,7,18
15,125,13,10
15,126,9,11
15,128,9,11
15,129,10,2
15,130,9,2
15,131,1,11
15,132,16,12
15,133,4,20
15,134,1,3
15,135,6,17
15,136,14,10
15,137,1,13
15,138,2,1
15,139,8,8
15,140,11,6
15,141,3,20
15,142,4,14
15,143,8,8
15,144,6,6
15,145,17,12
15,146,2,4
15,147,16,11
15,148,11,6
15,149,1,11
15,150,17,2
15,151,14,2
15,152,16,11
15,154,1,13
15,155,1,18
15,156,4,6
15,157,13,6
15,158,3,20
15,159,13,12
15,160,6,6
15,161,11,8
15,162,5,14
15,163,2,4
15,164,10,18
15,165,18,13
15,166,1,11
15,167,2,1
15,168,3,8
15,169,1,13
15,170,7,2
15,171,9,8
15,172,7,3
15,174,3,20
15,175,6,6
15,176,14,7
15,177,1,11
16,1,1,11
16,2,9,3
16,3,5,2
16,4,5,2
16,6,15,6
16,7,7,11
16,9,9,3
16,10,17,1
16,11,7,15
16,12,8,3
16,13,11,11
16,14,1,13
16,15,13,14
16,16,6,11
16,17,4,20
16,18,4,20
16,20,1,13
16,21,1,11
16,22,13,5
16,23,15,11
16,24,7,15
16,25,1,18
16,26,9,6
16,28,10,1
16,29,1,13
16,30,13,11
16,31,18,5
16,32,8,3
16,33,6,15
16,34,13,14
16,35,18,5
16,36,1,18
16,37,7,15
16,38,5,2
16,40,7,9
16,41,12,5
16,42,4,11
16,44,5,2
16,45,12,7
16,46,19,6
16,47,2,15
16,48,10,9
16,49,13,5
16,50,1,11
16,51,5,9
16,52,14,9
16,53,1,20
16,54,12,5
16,55,9,6
16,56,14,9
16,57,1,3
16,58,19,13
16,59,5,7
16,60,4,13
16,61,1,5
16,62,7,9
16,63,16,8
16,64,1,2
16,65,12,15
16,66,4,13
16,67,4,20
16,68,8,17
16,69,16,9
16,70,15,9
16,71,12,15
16,72,1,2
16,73,10,10
16,74,4,11
16,75,3,11
16,76,5,9
16,77,19,16
16,78,10,7
16,80,5,13
16,81,8,2
16,82,8,3
16,83,13,14
16,84,12,5
16,85,3,3
16,86,19,15
16,87,14,15
16,88,1,10
16,89,12,11
16,90,5,9
16,91,4,20
16,92,15,6
16,93,8,16
16,94,17,11
16,95,5,18
16,96,7,15
16,97,1,18
16,98,1,2
16,99,12,13
16,100,5,13
16,101,4,20
16,102,8,2
16,103,5,18
16,104,5,9
16,105,18,1
16,106,4,16
16,107,3,20
16,108,3,15
16,110,19,1
16,111,1,11
16,112,5,5
16,113,11,17
16,114,14,18
16,115,1,10
16,116,17,1
16,117,9,6
16,118,8,12
16,119,3,3
16,120,1,13
16,121,17,11
16,122,1,13
16,123,4,20
16,125,14,9
16,126,10,11
16,128,8,12
16,129,9,3
16,130,10,1
16,131,1,10
16,132,17,11
16,133,3,20
16,134,1,2
16,135,6,18
16,136,15,9
16,137,1,13
16,138,2,1
16,139,7,9
16,140,12,5
16,141,4,20
16,142,4,13
16,143,7,9
16,144,5,7
16,145,16,13
16,146,1,5
16,147,15,12
16,148,12,5
16,149,1,10
16,150,17,3
16,152,17,10
16,154,1,13
16,155,1,19
16,156,5,5
16,157,12,7
16,158,4,20
16,159,12,13
16,160,5,7
16,161,11,9
16,162,6,13
16,163,3,3
16,164,11,17
16,165,18,14
16,166,1,11
16,167,2,1
16,168,4,7
16,169,1,13
16,170,6,3
16,171,10,7
16,172,8,2
16,174,4,20
16,175,5,7
16,176,13,8
16,177,2,12
17,1,2,11
17,2,10,2
17,3,4,3
17,4,5,1
17,6,14,7
17,7,7,12
17,9,10,2
17,10,17,1
17,11,6,16
17,12,9,2
17,13,12,10
17,14,1,13
17,15,13,14
17,16,5,11
17,17,4,20
17,18,4,20
17,20,1,13
17,21,1,10
17,22,12,6
17,23,16,11
17,24,6,16
17,25,1,18
17,26,10,5
17,28,9,2
17,29,1,13
17,30,13,12
17,31,17,6
17,32,9,2
17,33,5,15
17,34,12,14
17,35,17,6
17,36,1,18
17,37,6,16
17,38,4,3
17,40,8,8
17,41,11,6
17,42,3,12
17,44,4,3
17,45,13,7
17,46,18,7
17,47,3,14
17,48,9,9
17,49,12,6
17,50,1,11
17,51,5,9
17,52,13,10
17,53,1,20
17,54,11,6
17,55,10,5
17,56,13,10
17,57,1,2
17,58,20,12
17,59,6,6
17,60,3,14
17,61,2,4
17,62,8,8
17,63,16,7
17,64,1,2
17,66,3,14
17,67,3,20
17,68,7,18
17,69,15,10
17,70,14,10
17,71,13,14
17,72,1,2
17,73,9,9
17,74,3,12
17,75,3,12
17,76,5,9
17,77,18,15
17,78,11,6
17,80,4,14
17,81,7,3
17,82,9,2
17,83,13,14
17,84,11,6
17,85,2,4
17,86,19,14
17,87,15,15
17,88,1,11
17,89,12,12
17,90,4,10
17,91,4,20
17,92,14,7
17,93,7,16
17,94,16,12
17,95,4,19
17,96,7,14
17,97,1,19
17,98,1,2
17,99,11,14
17,100,4,14
17,101,3,20
17,102,7,3
17,103,4,19
17,104,5,9
17,105,17,1
17,106,4,17
17,107,4,20
17,108,4,15
17,110,19,2
17,111,1,10
17,112,4,6
17,113,10,18
17,114,14,17
17,115,1,11
17,116,17,1
17,117,10,5
17,118,7,13
17,119,4,2
17,120,1,13
17,121,16,12
17,122,1,13
17,123,3,20
17,125,13,10
17,126,9,11
17,128,9,11
17,129,10,2
17,130,9,2
17,131,1,11
17,132,16,12
17,133,4,20
17,134,1,3
17,135,7,17
17,136,14,10
17,137,1,13
17,138,2,1
17,139,8,8
17,140,11,6
17,141,3,20
17,142,3,14
17,143,8,8
17,144,6,6
17,145,17,12
17,146,2,4
17,147,16,11
17,148,11,6
17,149,1,11
17,150,17,2
17,152,16,11
17,154,1,13
17,155,1,18
17,156,4,5
17,157,13,6
17,158,3,20
17,159,13,12
17,160,6,6
17,161,11,8
17,162,6,14
17,163,2,4
17,164,10,18
17,165,18,13
17,166,1,11
17,167,2,1
17,168,3,8
17,169,1,13
17,170,7,2
17,171,9,8
17,172,7,3
17,174,3,20
17,175,6,6
17,176,14,7
17,177,1,11
18,1,1,11
18,2,9,3
18,3,5,2
18,4,4,2
18,6,15,7
18,7,7,11
18,9,9,3
18,10,17,1
18,11,7,15
18,12,8,3
18,13,11,11
18,14,1,13
18,15,13,14
18,16,6,11
18,17,4,20
18,18,4,20
18,20,1,13
18,21,1,11
18,22,13,5
18,23,15,11
18,24,7,15
18,25,1,18
18,26,9,6
18,28,10,1
18,29,1,13
18,30,13,11
18,31,18,5
18,32,8,3
18,33,6,15
18,34,13,14
18,35,18,5
18,36,1,18
18,37,7,15
18,38,5,2
18,40,7,9
18,41,12,5
18,42,4,11
18,44,5,2
18,45,12,8
18,46,19,7
18,47,2,15
18,48,8,10
18,49,13,5
18,50,1,11
18,51,5,9
18,52,14,9
18,53,1,20
18,54,12,5
18,55,9,6
18,56,14,9
18,57,1,3
18,58,19,13
18,59,5,7
18,60,4,13
18,61,1,5
18,62,7,9
18,63,16,8
18,64,1,2
18,66,4,13
18,67,4,20
18,68,8,17
18,69,16,9
18,70,15,9
18,71,12,15
18,72,1,2
18,73,10,9
18,74,4,11
18,75,3,11
18,76,5,9
18,77,19,16
18,78,10,7
18,80,5,13
18,81,8,2
18,82,8,3
18,83,13,14
18,84,12,5
18,85,3,3
18,86,19,15
18,87,15,16
18,88,1,10
18,89,12,11
18,90,5,9
18,91,4,20
18,92,15,6
18,93,8,16
18,94,17,11
18,95,5,18
18,96,6,15
18,97,1,18
18,98,1,2
18,99,12,13
18,100,5,13
18,101,4,20
18,102,8,2
18,103,5,18
18,104,5,9
18,105,17,1
18,106,4,16
18,107,3,20
18,108,3,15
18,110,19,1
18,111,1,11
18,112,5,5
18,113,11,17
18,114,14,18
18,115,1,10
18,116,17,1
18,117,9,6
18,118,8,12
18,119,3,3
18,120,1,13
18,121,17,11
18,122,1,13
18,123,4,20
18,125,14,9
18,126,10,10
18,128,9,10
18,129,9,3
18,130,10,1
18,131,1,10
18,132,17,11
18,133,3,20
18,134,1,2
18,135,6,18
18,136,15,9
18,137,1,13
18,138,2,1
18,139,7,9
18,140,12,5
18,141,4,20
18,142,4,13
18,143,7,9
18,144,5,7
18,145,16,13
18,147,15,12
18,148,12,5
18,149,1,10
18,150,17,3
18,152,17,10
18,154,1,13
18,155,1,19
18,156,4,4
18,157,12,7
18,158,4,20
18,159,12,13
18,160,5,7
18,161,11,9
18,162,6,13
18,163,3,3
18,164,11,17
18,165,18,14
18,166,1,11
18,167,2,1
18,168,4,7
18,169,1,13
18,170,6,3
18,171,10,7
18,172,8,2
18,174,4,20
18,175,5,7
18,176,13,8
18,177,1,11
19,1,1,11
19,2,10,2
19,3,4,3
19,4,5,1
19,7,7,12
19,9,10,2
19,10,17,1
19,11,6,16
19,12,9,2
19,13,12,10
19,14,1,13
19,15,13,14
19,16,5,11
19,17,4,20
19,20,1,13
19,21,1,10
19,22,12,6
19,23,16,11
19,24,6,16
19,25,1,18
19,26,10,5
19,28,9,2
19,29,1,13
19,30,13,12
19,31,17,6
19,32,9,2
19,33,5,15
19,34,13,14
19,35,17,6
19,36,1,18
19,37,6,16
19,38,4,3
19,40,8,8
19,41,11,6
19,42,3,12
19,44,4,3
19,45,13,7
19,46,20,6
19,47,3,14
19,48,9,9
19,49,12,6
19,50,1,11
19,51,5,9
19,52,13,10
19,53,1,20
19,54,11,6
19,55,10,5
19,56,13,10
19,57,1,2
19,58,19,14
19,59,6,6
19,60,3,14
19,61,2,4
19,62,8,8
19,63,17,8
19,64,1,2
19,66,3,14
19,67,3,20
19,68,7,18
19,69,15,10
19,70,14,10
19,71,13,14
19,72,1,2
19,73,9,9
19,74,3,12
19,75,3,12
19,76,5,9
19,77,20,16
19,78,11,6
19,80,4,14
19,81,7,3
19,82,9,2
19,83,13,14
19,84,11,6
19,85,2,4
19,86,19,14
19,87,16,15
19,88,1,11
19,89,12,10
19,90,4,10
19,91,4,20
19,92,14,7
19,93,7,17
19,94,16,12
19,95,4,19
19,97,1,19
19,98,1,2
19,99,11,14
19,100,4,14
19,101,3,20
19,102,7,3
19,103,4,19
19,104,5,9
19,105,18,1
19,106,5,15
19,107,4,20
19,108,3,14
19,110,18,1
19,111,1,10
19,112,5,6
19,113,10,18
19,114,14,17
19,115,1,11
19,116,17,1
19,117,10,6
19,118,7,12
19,119,2,4
19,120,1,13
19,121,16,12
19,122,1,13
19,123,3,20
19,125,13,10
19,126,10,11
19,128,9,9
19,129,10,2
19,130,9,2
19,131,1,11
19,132,16,12
19,133,4,20
19,134,1,3
19,135,6,17
19,136,14,10
19,137,1,13
19,138,2,1
19,139,8,8
19,140,11,6
19,141,3,20
19,142,3,14
19,143,8,8
19,144,6,6
19,145,17,12
19,147,16,12
19,148,11,6
19,149,1,11
19,150,17,2
19,152,16,11
19,154,1,13
19,155,1,18
19,156,4,5
19,157,13,6
19,158,3,20
19,159,13,12
19,160,6,6
19,161,11,8
19,162,6,14
19,163,2,4
19,164,10,18
19,165,18,13
19,166,1,11
19,167,2,1
19,168,3,8
19,169,1,13
19,170,7,2
19,171,9,8
19,172,7,3
19,174,3,20
19,175,6,6
19,176,14,8
19,177,1,11
20,1,1,11
20,2,9,3
20,3,5,2
20,4,4,2
20,7,7,11
20,9,9,3
20,10,17,1
20,11,7,15
20,12,8,3
20,13,11,11
20,14,1,13
20,15,13,14
20,16,6,11
20,17,4,20
20,20,1,13
20,21,1,11
20,22,13,5
20,23,15,11
20,24,7,15
20,25,1,18
20,26,9,6
20,28,10,1
20,29,1,13
20,30,13,11
20,31,18,5
20,32,8,3
20,33,6,15
20,34,14,15
20,35,18,5
20,36,1,18
20,37,7,15
20,38,5,3
20,40,7,9
20,41,12,5
20,42,4,11
20,44,5,2
20,45,12,7
20,46,19,6
20,47,2,15
20,48,8,10
20,49,13,5
20,50,1,11
20,51,5,9
20,52,14,9
20,53,1,20
20,54,12,5
20,55,9,6
20,56,14,9
20,57,1,3
20,58,19,13
20,59,5,7
20,60,4,13
20,61,1,5
20,62,7,9
20,63,16,8
20,64,1,2
20,66,4,13
20,67,4,20
20,68,8,17
20,69,16,9
20,70,15,9
20,71,12,15
20,72,1,2
20,73,10,9
20,74,4,11
20,75,3,11
20,76,5,9
20,77,19,16
20,78,10,7
20,80,5,13
20,81,8,2
20,82,8,3
20,83,13,14
20,84,12,5
20,85,3,3
20,86,19,15
20,87,15,15
20,88,1,10
20,89,12,11
20,90,5,9
20,91,4,20
20,92,15,6
20,93,8,16
20,94,17,11
20,95,5,18
20,97,1,18
20,98,1,2
20,99,12,13
20,100,5,13
20,101,4,20
20,102,8,2
20,103,5,18
20,104,5,9
20,105,17,2
20,106,4,15
20,107,3,20
20,108,3,15
20,110,19,1
20,111,1,11
20,112,5,5
20,113,11,17
20,114,14,18
20,115,1,10
20,116,17,1
20,117,9,7
20,118,8,12
20,119,3,3
20,120,1,13
20,121,17,11
20,122,1,13
20,123,4,20
20,125,14,9
20,126,10,10
20,128,9,10
20,129,9,3
20,130,10,1
20,131,1,10
20,132,17,11
20,133,3,20
20,134,1,2
20,135,6,18
20,136,15,9
20,137,1,13
20,138,2,1
20,139,7,9
20,140,12,5
20,141,4,20
20,142,4,13
20,143,7,9
20,144,5,7
20,145,16,13
20,147,15,13
20,148,12,5
20,149,1,10
20,150,17,3
20,152,17,10
20,155,1,19
20,156,4,6
20,157,12,7
20,158,4,20
20,159,12,13
20,160,5,7
20,161,11,9
20,162,6,13
20,163,3,3
20,164,11,17
20,165,18,12
20,166,1,11
20,167,2,1
20,168,4,7
20,169,1,13
20,170,6,3
20,171,10,7
20,172,8,2
20,174,4,20
20,175,5,7
20,176,15,7
20,177,1,11
21,1,2,11
21,2,10,2
21,3,4,3
21,4,5,1
21,7,7,12
21,9,9,2
21,10,17,1
21,11,6,16
21,12,9,2
21,13,12,10
21,14,1,13
21,15,13,14
21,16,5,11
21,17,4,20
21,20,1,13
21,21,1,10
21,22,12,6
21,23,15,10
21,24,6,16
21,25,1,18
21,26,10,5
21,28,9,2
21,29,1,13
21,30,12,12
21,31,17,6
21,32,9,2
21,33,6,14
21,34,13,14
21,35,17,6
21,36,1,18
21,37,6,16
21,38,4,4
21,40,8,8
21,41,11,6
21,42,3,12
21,44,4,3
21,45,13,7
21,46,18,7
21,47,3,14
21,48,9,9
21,49,12,6
21,50,1,11
21,51,5,9
21,52,13,10
21,53,1,20
21,54,11,6
21,55,10,5
21,56,13,10
21,57,1,2
21,58,20,13
21,59,6,6
21,60,3,14
21,61,2,4
21,62,8,8
21,63,16,7
21,64,1,2
21,66,3,14
21,67,3,20
21,68,7,18
21,69,15,10
21,70,14,10
21,71,13,14
21,72,1,2
21,73,9,9
21,74,3,12
21,75,3,12
21,76,5,9
21,77,20,16
21,78,11,6
21,80,4,14
21,81,7,3
21,82,9,2
21,83,13,14
21,84,11,6
21,85,2,4
21,86,20,15
21,87,15,16
21,88,1,11
21,89,12,10
21,90,4,10
21,91,4,20
21,92,14,7
21,93,7,16
21,94,16,12
21,95,4,19
21,97,1,19
21,98,1,2
21,99,11,14
21,100,4,14
21,101,3,20
21,102,7,3
21,103,4,19
21,104,5,9
21,105,17,1
21,106,4,16
21,107,4,20
21,108,3,14
21,110,19,2
21,111,1,10
21,112,4,5
21,113,10,18
21,114,14,17
21,115,1,11
21,116,17,1
21,117,10,6
21,118,8,13
21,119,2,4
21,120,1,13
21,121,16,12
21,122,1,13
21,123,3,20
21,125,13,10
21,126,11,10
21,128,9,11
21,129,10,2
21,130,9,2
21,131,1,11
21,132,16,12
21,133,4,20
21,134,1,3
21,135,6,17
21,136,14,10
21,137,1,13
21,138,2,1
21,139,8,8
21,140,11,6
21,141,3,20
21,142,3,14
21,143,8,8
21,144,6,6
21,145,17,12
21,147,16,12
21,148,11,6
21,149,1,11
21,150,16,4
21,152,16,11
21,155,1,18
21,156,4,5
21,157,13,6
21,158,3,20
21,159,13,12
21,160,6,6
21,161,11,8
21,162,6,14
21,163,2,4
21,164,10,18
21,165,18,13
21,166,1,11
21,167,2,1
21,168,3,8
21,169,1,13
21,170,7,2
21,171,9,8
21,172,7,3
21,174,3,20
21,175,6,6
21,176,14,7
21,177,1,11
22,1,1,11
22,2,9,3
22,3,5,2
22,4,4,2
22,7,7,11
22,9,8,3
22,10,17,1
22,11,7,15
22,12,8,3
22,13,11,11
22,14,1,13
22,15,13,14
22,16,6,11
22,17,4,20
22,20,1,13
22,21,1,11
22,22,13,5
22,23,15,11
22,24,7,15
22,25,1,18
22,26,9,6
22,28,10,1
22,29,1,13
22,30,13,11
22,31,18,5
22,32,8,3
22,33,5,15
22,34,13,14
22,35,18,5
22,36,1,18
22,37,7,15
22,38,5,3
22,40,7,9
22,41,12,5
22,42,4,11
22,44,5,2
22,45,13,8
22,46,19,6
22,47,2,15
22,48,8,10
22,49,13,5
22,50,1,11
22,51,5,9
22,52,14,9
22,53,1,20
22,54,12,5
22,55,9,6
22,56,14,9
22,57,1,3
22,58,19,13
22,59,5,7
22,60,4,13
22,61,1,5
22,62,7,9
22,63,17,8
22,64,1,2
22,66,4,13
22,67,4,20
22,68,8,17
22,69,16,9
22,70,15,9
22,71,12,15
22,72,1,2
22,73,10,9
22,74,4,11
22,75,3,11
22,76,5,9
22,77,19,15
22,78,10,7
22,80,5,13
22,81,8,2
22,82,8,3
22,83,13,14
22,84,12,5
22,85,3,3
22,86,19,15
22,87,14,15
22,88,1,10
22,89,12,11
22,90,5,9
22,91,4,20
22,92,15,6
22,93,8,17
22,94,17,11
22,95,5,18
22,97,1,18
22,98,1,2
22,99,12,13
22,100,5,13
22,101,4,20
22,102,8,2
22,103,5,18
22,104,5,9
22,105,18,1
22,106,3,17
22,107,3,20
22,108,3,15
22,110,19,1
22,111,1,11
22,112,5,5
22,113,11,17
22,114,14,18
22,115,1,10
22,116,17,1
22,117,9,7
22,118,8,12
22,119,3,3
22,120,1,13
22,121,17,11
22,122,1,13
22,123,4,20
22,125,14,9
22,126,10,11
22,128,9,10
22,129,9,3
22,130,10,1
22,131,1,10
22,132,17,11
22,133,3,20
22,134,1,2
22,135,6,18
22,136,15,9
22,137,1,13
22,138,2,1
22,139,7,9
22,140,12,5
22,141,4,20
22,142,4,13
22,143,7,9
22,144,5,7
22,145,16,13
22,147,15,13
22,148,12,5
22,149,1,10
22,150,17,3
22,152,17,10
22,155,1,19
22,156,3,6
22,157,12,7
22,158,4,20
22,159,12,13
22,160,5,7
22,161,11,7
22,162,6,13
22,163,3,3
22,164,11,17
22,165,18,12
22,166,1,11
22,167,2,1
22,168,4,7
22,169,1,13
22,170,6,3
22,171,10,7
22,172,8,2
22,174,4,20
22,175,5,7
22,176,13,8
22,177,1,11
23,1,1,10
23,2,10,2
23,3,4,3
23,4,5,1
23,7,7,12
23,9,9,2
23,10,17,1
23,11,6,16
23,12,9,2
23,13,12,10
23,14,1,13
23,15,13,14
23,16,5,11
23,17,4,20
23,20,1,13
23,21,1,10
23,22,12,6
23,23,16,10
23,24,6,16
23,25,1,18
23,26,10,5
23,28,9,2
23,29,1,13
23,30,13,12
23,31,17,6
23,32,9,2
23,33,6,15
23,34,13,14
23,35,17,6
23,36,1,18
23,37,6,16
23,38,4,4
23,40,8,8
23,41,11,6
23,42,3,12
23,44,4,3
23,45,13,7
23,46,18,7
23,47,3,14
23,48,9,9
23,49,12,6
23,50,1,11
23,51,5,9
23,52,13,10
23,53,1,20
23,54,11,6
23,55,10,5
23,56,13,10
23,57,1,2
23,58,18,13
23,59,6,6
23,60,3,14
23,61,2,4
23,62,8,8
23,63,16,8
23,64,1,2
23,66,3,14
23,67,3,20
23,68,7,18
23,69,15,10
23,70,14,10
23,71,13,14
23,72,1,2
23,73,10,10
23,74,3,12
23,75,2,12
23,76,5,9
23,77,19,16
23,78,11,6
23,80,4,14
23,81,7,3
23,82,9,2
23,83,13,14
23,84,11,6
23,85,2,4
23,86,18,16
23,87,15,15
23,88,1,11
23,89,11,10
23,90,4,10
23,91,4,20
23,92,14,7
23,93,8,16
23,94,16,12
23,95,4,19
23,97,1,19
23,98,1,2
23,99,11,14
23,100,4,14
23,101,3,20
23,102,7,3
23,103,4,19
23,104,5,9
23,105,17,1
23,106,4,16
23,107,4,20
23,108,4,15
23,110,20,1
23,111,1,10
23,112,5,6
23,113,10,18
23,114,14,17
23,115,1,11
23,116,17,1
23,117,10,6
23,118,7,12
23,119,2,4
23,120,1,13
23,121,16,12
23,122,1,13
23,123,3,20
23,125,13,10
23,126,10,10
23,128,9,11
23,129,10,2
23,130,9,2
23,131,1,11
23,132,16,12
23,133,4,20
23,134,1,3
23,135,6,17
23,136,14,10
23,137,1,13
23,138,2,1
23,139,8,8
23,140,11,6
23,141,3,20
23,142,3,14
23,143,8,8
23,144,6,6
23,145,17,12
23,147,16,12
23,148,11,6
23,149,1,11
23,150,17,2
23,152,16,11
23,155,1,18
23,156,4,5
23,157,13,6
23,158,3,20
23,159,13,12
23,160,6,6
23,161,11,8
23,162,6,14
23,163,2,4
23,164,10,18
23,165,18,13
23,166,1,11
23,167,2,1
23,168,3,8
23,169,1,13
23,170,7,2
23,171,9,8
23,172,7,3
23,174,3,20
23,175,6,6
23,176,14,7
23,177,1,11
24,1,2,11
24,2,9,3
24,3,5,2
24,4,4,2
24,7,7,11
24,9,8,3
24,10,17,1
24,11,7,15
24,12,8,3
24,13,11,11
24,14,1,13
24,15,13,14
24,16,6,11
24,17,4,20
24,20,1,13
24,21,1,11
24,22,13,5
24,23,15,11
24,24,7,15
24,25,1,18
24,26,9,6
24,28,10,1
24,29,1,13
24,30,13,11
24,31,18,5
24,32,8,3
24,33,7,15
24,34,13,14
24,35,18,5
24,36,1,18
24,37,7,15
24,38,5,3
24,40,7,9
24,41,12,5
24,42,4,11
24,44,5,2
24,45,13,8
24,46,19,6
24,47,2,15
24,48,10,9
24,49,13,5
24,50,1,11
24,51,5,9
24,52,14,9
24,53,1,20
24,54,12,5
24,55,9,6
24,56,14,9
24,57,1,3
24,58,19,14
24,59,5,7
24,60,4,13
24,61,1,5
24,62,7,9
24,63,16,9
24,64,1,2
24,66,4,13
24,67,4,20
24,68,8,17
24,69,16,9
24,70,15,9
24,71,12,15
24,72,1,2
24,73,10,9
24,74,4,11
24,75,3,11
24,76,5,9
24,77,19,15
24,78,10,7
24,80,5,13
24,81,8,2
24,82,8,3
24,83,13,14
24,84,12,5
24,85,3,3
24,86,19,15
24,87,15,16
24,88,1,10
24,89,12,11
24,90,5,9
24,91,4,20
24,92,15,6
24,93,8,17
24,94,17,11
24,95,5,18
24,97,1,18
24,98,1,2
24,99,12,13
24,100,5,13
24,101,4,20
24,102,8,2
24,103,5,18
24,104,5,9
24,105,18,1
24,106,3,17
24,107,3,20
24,108,3,15
24,110,19,1
24,111,1,11
24,112,5,5
24,113,11,17
24,114,14,18
24,115,1,10
24,116,17,1
24,117,9,7
24,118,8,12
24,119,3,3
24,120,1,13
24,121,17,11
24,122,1,13
24,123,4,20
24,125,14,9
24,126,10,11
24,128,9,10
24,129,9,3
24,130,10,1
24,131,1,10
24,132,17,11
24,133,3,20
24,134,1,2
24,135,6,18
24,136,15,9
24,137,1,13
24,138,2,1
24,139,7,9
24,140,12,5
24,141,4,20
24,142,4,13
24,143,7,9
24,144,5,7
24,145,16,13
24,147,15,13
24,148,12,5
24,149,1,10
24,150,17,3
24,152,17,10
24,155,1,19
24,156,4,6
24,157,12,7
24,158,4,20
24,159,12,13
24,160,5,7
24,161,11,7
24,162,7,13
24,163,3,3
24,164,11,17
24,165,17,14
24,166,1,11
24,167,2,1
24,168,4,7
24,169,1,13
24,170,6,3
24,171,10,7
24,172,8,2
24,174,4,20
24,175,5,7
24,176,13,8
24,177,2,11
25,1,2,12
25,2,10,2
25,3,4,3
25,4,5,1
25,7,7,12
25,9,9,2
25,10,17,1
25,11,6,16
25,12,9,2
25,13,12,10
25,14,1,13
25,15,13,14
25,16,5,11
25,17,4,20
25,20,1,13
25,21,1,10
25,22,12,6
25,23,16,11
25,24,6,16
25,25,1,18
25,26,10,5
25,28,9,2
25,29,1,13
25,30,13,10
25,31,17,6
25,32,9,2
25,33,6,15
25,34,13,14
25,35,17,6
25,36,1,18
25,37,6,16
25,38,4,4
25,40,8,8
25,41,11,6
25,42,3,12
25,44,4,3
25,45,13,7
25,46,18,7
25,47,3,14
25,48,9,9
25,49,12,6
25,50,1,11
25,51,5,9
25,52,13,10
25,53,1,20
25,54,11,6
25,55,10,5
25,56,13,10
25,57,1,2
25,58,18,13
25,59,6,6
25,60,3,14
25,61,2,4
25,62,8,8
25,63,16,8
25,64,1,2
25,66,3,14
25,67,3,20
25,68,7,18
25,69,15,10
25,70,14,10
25,71,13,14
25,72,1,2
25,73,9,10
25,74,3,12
25,75,2,12
25,76,5,9
25,77,19,16
25,78,11,6
25,80,4,14
25,81,7,3
25,82,9,2
25,83,13,14
25,84,11,6
25,85,2,4
25,86,18,16
25,87,15,15
25,88,1,11
25,89,12,10
25,90,4,10
25,91,4,20
25,92,14,7
25,93,8,16
25,94,16,12
25,95,4,19
25,97,1,19
25,98,1,2
25,99,11,14
25,100,4,14
25,101,3,20
25,102,7,3
25,103,4,19
25,104,5,9
25,105,17,1
25,106,4,17
25,107,4,20
25,108,4,15
25,110,19,2
25,111,1,10
25,112,5,6
25,113,10,18
25,114,14,17
25,115,1,11
25,116,17,1
25,117,10,6
25,118,7,12
25,119,2,4
25,120,1,13
25,121,16,12
25,122,1,13
25,123,3,20
25,125,13,10
25,126,10,10
25,128,9,11
25,129,10,2
25,130,9,2
25,131,1,11
25,133,4,20
25,134,1,3
25,135,6,17
25,136,14,10
25,137,1,13
25,138,2,1
25,139,8,8
25,140,11,6
25,141,3,20
25,142,3,14
25,143,8,8
25,144,6,6
25,145,17,12
25,147,16,12
25,148,11,6
25,149,1,11
25,150,17,2
25,152,16,11
25,155,1,18
25,156,4,5
25,157,13,6
25,158,3,20
25,159,13,12
25,160,6,6
25,161,11,8
25,162,6,13
25,163,2,4
25,164,10,18
25,165,18,13
25,166,1,11
25,167,2,1
25,168,3,8
25,169,1,13
25,170,7,2
25,171,9,8
25,172,7,3
25,174,3,20
25,175,6,6
25,176,14,7
25,177,1,11
26,1,2,11
26,2,9,3
26,3,5,2
26,4,4,2
26,7,7,11
26,9,8,3
26,10,17,1
26,11,7,15
26,12,8,3
26,13,11,11
26,14,1,13
26,15,13,14
26,16,6,11
26,17,4,20
26,20,1,13
26,21,1,11
26,22,13,5
26,23,15,11
26,24,7,15
26,25,1,18
26,26,9,6
26,28,10,1
26,29,1,13
26,30,13,11
26,31,18,5
26,32,8,3
26,33,7,15
26,34,13,14
26,35,18,6
26,36,1,18
26,37,7,15
26,38,5,3
26,40,7,9
26,41,12,5
26,42,4,11
26,44,5,2
26,45,13,8
26,46,19,6
26,47,2,15
26,48,10,9
26,49,13,5
26,50,1,11
26,51,5,9
26,52,14,9
26,53,1,20
26,54,12,5
26,55,9,6
26,56,14,9
26,57,1,3
26,58,19,13
26,59,5,7
26,60,4,13
26,61,1,5
26,62,7,9
26,63,16,9
26,64,1,2
26,66,4,13
26,67,4,20
26,68,8,17
26,69,16,9
26,70,15,9
26,71,12,15
26,72,1,2
26,73,10,9
26,74,4,11
26,75,3,11
26,76,5,9
26,77,19,15
26,78,10,7
26,80,5,13
26,81,8,2
26,82,8,3
26,83,13,14
26,84,12,5
26,85,3,3
26,86,19,15
26,87,16,15
26,88,1,10
26,89,12,11
26,90,5,9
26,91,4,20
26,92,15,6
26,93,8,17
26,94,17,11
26,95,5,18
26,97,1,18
26,98,1,2
26,99,12,13
26,100,5,13
26,101,4,20
26,102,8,2
26,103,5,18
26,104,5,9
26,105,17,1
26,106,4,16
26,107,3,20
26,108,3,15
26,110,19,1
26,111,1,11
26,112,5,5
26,113,11,17
26,114,14,18
26,115,1,10
26,116,17,1
26,117,9,7
26,118,8,12
26,119,3,3
26,120,1,13
26,121,17,11
26,122,1,13
26,123,4,20
26,125,14,9
26,126,10,11
26,128,10,11
26,130,10,1
26,131,1,10
26,133,3,20
26,134,1,2
26,135,6,18
26,136,15,9
26,137,1,13
26,138,2,1
26,139,7,9
26,140,12,5
26,141,4,20
26,142,4,13
26,143,7,9
26,144,5,7
26,145,16,13
26,147,15,13
26,148,12,5
26,149,1,10
26,150,17,3
26,152,17,10
26,155,1,19
26,156,4,6
26,157,12,7
26,158,4,20
26,159,12,13
26,160,5,7
26,161,10,9
26,162,6,14
26,163,3,3
26,164,11,17
26,165,17,14
26,166,1,11
26,167,2,1
26,168,4,7
26,169,1,13
26,170,6,3
26,171,10,7
26,172,8,2
26,174,4,20
26,175,5,7
26,176,13,8
26,177,1,11
27,1,1,11
27,2,10,2
27,3,4,3
27,4,5,1
27,7,7,12
27,9,9,2
27,10,17,1
27,11,6,16
27,12,9,2
27,13,12,10
27,14,1,13
27,15,13,14
27,16,5,11
27,17,4,20
27,20,1,13
27,21,1,10
27,22,12,6
27,23,15,10
27,24,6,16
27,25,1,18
27,26,10,5
27,28,9,2
27,29,1,13
27,30,13,10
27,31,17,6
27,32,9,2
27,33,6,15
27,34,13,14
27,35,17,7
27,36,1,18
27,37,6,16
27,38,4,4
27,40,8,8
27,41,11,6
27,42,3,12
27,44,4,3
27,45,13,7
27,46,18,7
27,47,3,14
27,48,9,9
27,49,12,6
27,50,1,11
27,51,5,9
27,52,13,10
27,53,1,20
27,54,11,6
27,55,10,5
27,56,13,10
27,57,1,2
27,58,19,12
27,59,6,6
27,60,3,14
27,61,2,4
27,62,8,8
27,63,16,8
27,64,1,2
27,66,3,14
27,67,3,20
27,68,7,18
27,69,15,10
27,70,14,10
27,71,13,14
27,72,1,2
27,73,9,10
27,74,3,12
27,75,2,12
27,76,5,9
27,77,19,16
27,78,11,6
27,80,4,14
27,81,7,3
27,82,9,2
27,83,13,14
27,84,11,6
27,85,2,4
27,86,18,16
27,87,15,15
27,88,1,11
27,89,13,12
27,90,4,10
27,91,4,20
27,92,14,7
27,93,8,16
27,94,16,12
27,95,4,19
27,97,1,19
27,98,1,2
27,99,11,14
27,100,4,14
27,101,3,20
27,102,7,3
27,103,4,19
27,104,5,9
27,105,17,1
27,106,5,15
27,107,4,20
27,108,4,15
27,110,19,2
27,111,1,10
27,112,4,5
27,113,10,18
27,114,14,17
27,115,1,11
27,116,17,1
27,117,10,6
27,118,7,12
27,119,2,4
27,120,1,13
27,121,16,12
27,122,1,13
27,123,3,20
27,125,13,10
27,126,9,12
27,128,9,10
27,130,9,2
27,131,1,11
27,133,4,20
27,134,1,3
27,135,6,17
27,136,14,10
27,137,1,13
27,138,2,1
27,139,8,8
27,140,11,6
27,141,3,20
27,142,3,14
27,143,8,8
27,144,6,6
27,145,17,12
27,147,16,12
27,148,11,6
27,149,1,11
27,150,17,2
27,152,16,11
27,155,1,18
27,156,4,5
27,157,13,6
27,158,3,20
27,159,13,12
27,160,6,6
27,161,11,8
27,162,6,13
27,163,2,4
27,164,10,18
27,165,18,13
27,166,1,11
27,167,2,1
27,168,3,8
27,169,1,13
27,170,7,2
27,171,9,8
27,172,7,3
27,174,3,20
27,175,6,6
27,176,14,7
27,177,1,11
28,1,1,11
28,2,9,3
28,3,5,2
28,4,4,2
28,7,7,11
28,9,8,3
28,10,17,1
28,11,7,15
28,12,8,3
28,13,11,11
28,14,1,13
28,15,13,14
28,16,6,11
28,17,4,20
28,20,1,13
28,21,1,11
28,22,13,5
28,23,15,11
28,24,7,15
28,25,1,18
28,26,9,6
28,28,10,1
28,29,1,13
28,30,13,11
28,31,18,5
28,32,8,3
28,33,6,14
28,34,13,14
28,35,18,6
28,36,1,18
28,37,7,15
28,38,5,3
28,40,7,9
28,41,12,5
28,42,4,11
28,44,5,2
28,45,13,8
28,46,19,6
28,47,2,15
28,48,10,9
28,49,13,5
28,50,1,11
28,51,5,9
28,52,14,9
28,53,1,20
28,54,12,5
28,55,9,6
28,56,14,9
28,57,1,3
28,58,19,13
28,59,5,7
28,60,4,13
28,61,1,5
28,62,7,9
28,63,16,9
28,64,1,2
28,66,4,13
28,67,4,20
28,68,8,17
28,69,16,9
28,70,14,9
28,71,12,15
28,72,1,2
28,73,10,9
28,74,4,11
28,75,3,11
28,76,5,9
28,77,20,16
28,78,10,7
28,80,5,13
28,81,8,2
28,82,8,3
28,83,13,14
28,84,12,5
28,85,3,3
28,86,19,15
28,87,15,16
28,88,1,10
28,89,12,11
28,90,5,9
28,91,4,20
28,92,15,6
28,93,8,17
28,94,17,11
28,95,5,18
28,97,1,18
28,98,1,2
28,99,12,13
28,100,5,14
28,101,4,20
28,102,8,2
28,103,5,18
28,105,18,1
28,106,4,16
28,107,3,20
28,108,3,15
28,110,19,1
28,111,1,11
28,112,5,5
28,113,11,17
28,114,14,18
28,115,1,10
28,116,17,1
28,117,9,7
28,118,8,12
28,119,3,3
28,120,1,13
28,121,17,11
28,122,1,13
28,123,4,20
28,125,14,9
28,126,10,11
28,128,8,11
28,130,10,1
28,131,1,10
28,133,3,20
28,134,1,2
28,135,5,18
28,136,15,9
28,137,1,13
28,138,2,1
28,139,7,9
28,140,12,5
28,141,4,20
28,142,4,13
28,143,7,9
28,144,5,7
28,145,16,13
28,147,15,13
28,148,12,5
28,149,1,10
28,150,17,3
28,152,17,10
28,155,1,19
28,156,3,6
28,157,12,7
28,158,4,20
28,159,12,13
28,160,5,7
28,161,11,9
28,162,5,13
28,163,3,3
28,164,11,17
28,165,19,13
28,166,1,11
28,167,2,1
28,168,4,7
28,169,1,13
28,170,6,3
28,171,10,7
28,172,8,2
28,174,4,20
28,175,5,7
28,176,13,8
28,177,1,11
29,1,2,11
29,2,10,2
29,3,4,3
29,4,5,1
29,7,7,12
29,9,9,2
29,10,17,1
29,11,6,16
29,12,9,2
29,13,12,10
29,14,1,13
29,15,13,14
29,16,5,11
29,17,4,20
29,20,1,13
29,21,1,10
29,22,12,6
29,23,16,11
29,24,6,16
29,25,1,18
29,26,10,5
29,28,9,2
29,29,1,13
29,30,13,12
29,31,17,6
29,32,9,2
29,33,6,15
29,34,13,14
29,35,17,7
29,36,1,18
29,37,6,16
29,38,4,4
29,40,8,8
29,41,11,6
29,42,3,12
29,44,4,3
29,45,13,7
29,46,18,7
29,47,3,14
29,48,9,9
29,49,12,6
29,50,1,11
29,51,5,9
29,52,13,10
29,53,1,20
29,54,11,6
29,55,10,5
29,56,13,10
29,57,1,2
29,58,18,14
29,59,6,6
29,60,3,14
29,61,2,4
29,62,8,8
29,63,16,8
29,64,1,2
29,66,3,14
29,67,3,20
29,68,7,18
29,69,15,10
29,70,13,10
29,71,13,14
29,72,1,2
29,73,9,10
29,74,3,12
29,75,3,12
29,76,5,9
29,77,19,16
29,78,10,6
29,80,4,14
29,81,7,3
29,82,9,2
29,83,13,14
29,84,11,6
29,85,2,4
29,86,19,16
29,87,15,15
29,88,1,11
29,89,12,12
29,90,4,10
29,91,4,20
29,92,14,7
29,93,8,16
29,94,16,12
29,95,4,19
29,97,1,19
29,98,1,2
29,99,11,14
29,100,4,15
29,101,3,20
29,102,7,3
29,103,6,17
29,105,17,1
29,106,4,15
29,107,4,20
29,108,2,14
29,110,20,1
29,111,1,10
29,112,5,6
29,113,10,18
29,114,14,17
29,115,1,11
29,116,17,1
29,117,10,6
29,118,9,11
29,119,2,4
29,120,1,13
29,121,16,12
29,122,1,13
29,123,3,20
29,125,13,10
29,126,10,10
29,128,9,10
29,130,9,2
29,131,1,11
29,133,4,20
29,134,1,3
29,135,6,18
29,136,14,10
29,137,1,13
29,138,2,1
29,139,8,8
29,140,11,6
29,141,3,20
29,142,3,14
29,143,8,8
29,144,6,6
29,145,17,12
29,147,16,12
29,148,11,6
29,149,1,11
29,150,17,2
29,152,16,11
29,155,1,18
29,156,4,5
29,157,13,6
29,158,3,20
29,159,13,12
29,160,6,6
29,161,11,8
29,162,6,13
29,163,2,4
29,164,10,18
29,165,18,13
29,166,1,11
29,167,2,1
29,168,3,8
29,169,1,13
29,170,7,2
29,171,9,8
29,172,7,3
29,174,3,20
29,175,6,6
29,176,14,7
29,177,1,11
30,1,1,11
30,2,9,3
30,3,5,2
30,4,4,2
30,7,7,11
30,9,8,3
30,10,17,1
30,11,7,15
30,12,8,3
30,13,11,11
30,14,1,13
30,15,13,14
30,16,6,11
30,17,4,20
30,20,1,13
30,21,1,11
30,22,13,5
30,23,15,11
30,24,7,15
30,25,1,18
30,26,9,6
30,28,10,1
30,29,1,13
30,30,13,11
30,31,18,6
30,32,8,3
30,33,6,14
30,34,13,14
30,35,18,6
30,36,1,18
30,37,7,15
30,38,5,3
30,40,7,9
30,41,12,5
30,42,4,11
30,44,5,2
30,45,13,8
30,46,19,6
30,47,2,15
30,48,10,9
30,49,13,5
30,50,1,11
30,51,5,9
30,52,14,9
30,53,1,20
30,54,12,5
30,55,9,6
30,56,14,9
30,57,1,3
30,58,19,13
30,59,5,7
30,60,4,13
30,61,1,5
30,62,7,9
30,63,16,9
30,64,1,2
30,66,4,13
30,67,4,20
30,68,8,17
30,69,16,9
30,70,14,9
30,71,12,15
30,72,1,2
30,73,10,9
30,74,4,11
30,75,3,11
30,76,5,9
30,77,18,17
30,78,9,7
30,80,5,13
30,81,8,2
30,82,8,3
30,83,13,14
30,84,12,5
30,85,3,3
30,86,19,15
30,87,15,16
30,88,1,10
30,89,12,11
30,90,5,9
30,91,4,20
30,92,15,6
30,93,8,17
30,94,17,11
30,95,5,18
30,97,1,18
30,98,1,2
30,99,12,13
30,100,5,14
30,101,4,20
30,102,8,2
30,103,5,18
30,105,18,1
30,106,4,16
30,107,3,20
30,108,3,15
30,110,19,1
30,111,1,11
30,112,5,5
30,113,11,17
30,114,14,18
30,115,1,10
30,116,17,1
30,117,9,7
30,118,8,12
30,119,3,3
30,120,1,13
30,121,17,11
30,122,1,13
30,123,4,20
30,125,14,9
30,126,10,11
30,128,8,11
30,130,10,1
30,131,1,10
30,133,3,20
30,134,1,2
30,135,5,18
30,136,15,9
30,137,1,13
30,138,1,2
30,139,7,9
30,140,12,5
30,142,4,13
30,143,7,9
30,144,5,7
30,145,16,13
30,147,15,13
30,148,12,5
30,149,1,10
30,150,17,3
30,152,17,10
30,155,1,19
30,156,4,6
30,157,12,7
30,158,4,20
30,159,12,13
30,160,5,7
30,161,12,8
30,162,6,14
30,163,3,3
30,164,11,17
30,165,19,12
30,166,1,11
30,167,2,1
30,168,4,7
30,169,1,13
30,170,6,3
30,171,10,7
30,172,8,2
30,174,4,20
30,175,5,7
30,176,13,8
30,177,1,11
31,1,1,11
31,2,10,2
31,3,4,3
31,4,5,1
31,7,7,12
31,9,9,2
31,10,17,1
31,11,6,16
31,12,9,2
31,13,12,10
31,14,1,13
31,15,13,14
31,16,5,11
31,17,4,20
31,20,1,13
31,21,1,10
31,22,12,6
31,23,15,10
31,24,6,16
31,25,1,18
31,26,10,5
31,28,9,2
31,29,1,13
31,30,13,12
31,31,18,5
31,32,9,2
31,33,6,15
31,34,13,14
31,35,18,5
31,36,1,18
31,37,6,16
31,38,4,4
31,40,8,8
31,41,11,6
31,42,3,12
31,44,4,3
31,45,13,7
31,46,18,7
31,47,3,14
31,48,9,9
31,49,12,6
31,50,1,11
31,51,5,9
31,52,13,10
31,53,1,20
31,54,11,6
31,55,10,5
31,56,13,10
31,57,1,2
31,58,18,14
31,59,6,6
31,60,3,14
31,61,2,4
31,62,8,8
31,63,16,8
31,64,1,2
31,66,3,14
31,67,3,20
31,68,7,18
31,69,15,10
31,70,13,10
31,71,13,14
31,72,1,2
31,73,9,10
31,74,3,12
31,75,3,12
31,76,5,9
31,77,19,16
31,78,10,6
31,80,4,14
31,81,7,3
31,82,9,2
31,83,13,14
31,84,11,6
31,85,2,4
31,86,19,16
31,87,15,15
31,88,1,11
31,89,12,10
31,90,4,10
31,91,4,20
31,92,14,7
31,93,8,16
31,94,16,12
31,95,4,19
31,97,1,19
31,98,1,2
31,99,11,14
31,100,4,15
31,101,3,20
31,102,7,3
31,103,6,18
31,105,17,1
31,106,4,15
31,107,4,20
31,108,4,15
31,110,19,2
31,111,1,10
31,112,5,6
31,113,10,18
31,114,14,17
31,115,1,11
31,116,17,1
31,117,10,6
31,118,8,13
31,119,2,4
31,120,1,13
31,121,16,12
31,122,1,13
31,123,3,20
31,125,13,10
31,126,10,10
31,128,9,10
31,130,9,2
31,131,1,11
31,133,4,20
31,134,1,3
31,135,6,18
31,136,14,10
31,137,1,13
31,138,1,3
31,139,8,8
31,140,11,6
31,142,3,14
31,143,8,8
31,144,6,6
31,145,17,12
31,147,16,12
31,148,11,6
31,149,1,11
31,150,17,2
31,152,16,11
31,155,1,18
31,156,4,5
31,157,13,6
31,158,3,20
31,159,13,12
31,160,6,6
31,161,11,8
31,162,6,13
31,163,2,4
31,164,10,18
31,165,18,13
31,166,1,11
31,167,1,2
31,168,3,8
31,169,1,13
31,170,7,2
31,171,9,8
31,172,7,3
31,174,3,20
31,175,6,6
31,176,14,7
31,177,2,11
32,1,1,11
32,2,9,3
32,3,5,2
32,4,4,2
32,7,7,11
32,9,8,3
32,10,17,1
32,11,7,15
32,12,8,3
32,13,11,11
32,14,1,13
32,15,13,14
32,16,6,11
32,17,4,20
32,20,1,13
32,21,1,11
32,22,13,5
32,23,15,11
32,24,7,15
32,25,1,18
32,26,9,6
32,28,10,1
32,29,1,13
32,30,13,11
32,31,17,6
32,32,8,3
32,33,6,14
32,34,13,14
32,35,17,6
32,36,1,18
32,37,7,16
32,38,5,3
32,40,7,9
32,41,12,5
32,42,4,11
32,44,5,2
32,45,12,8
32,46,19,6
32,47,2,15
32,48,10,9
32,49,13,5
32,50,1,11
32,51,5,9
32,52,14,9
32,53,1,20
32,54,12,5
32,55,9,6
32,56,14,9
32,57,1,3
32,58,19,13
32,59,5,7
32,60,4,13
32,61,1,5
32,62,7,9
32,63,16,9
32,64,1,2
32,66,4,13
32,67,4,20
32,68,8,17
32,69,16,9
32,70,14,9
32,71,12,15
32,72,1,2
32,73,10,9
32,74,4,11
32,75,3,11
32,76,5,9
32,77,18,17
32,78,9,7
32,80,5,13
32,81,8,2
32,82,8,3
32,83,13,14
32,84,12,5
32,85,3,3
32,86,19,15
32,87,14,15
32,88,1,10
32,89,12,11
32,90,5,9
32,91,4,20
32,92,15,6
32,93,8,17
32,94,17,11
32,95,5,18
32,97,1,18
32,98,1,2
32,99,12,13
32,100,5,14
32,101,4,20
32,102,8,2
32,103,5,19
32,105,18,1
32,106,4,16
32,107,3,20
32,108,3,15
32,110,19,1
32,111,1,11
32,112,5,5
32,113,11,17
32,114,14,18
32,115,1,10
32,116,17,1
32,117,9,7
32,118,8,12
32,119,3,3
32,121,17,11
32,122,1,13
32,123,4,20
32,125,14,9
32,126,10,11
32,128,8,11
32,130,10,1
32,131,1,10
32,133,3,20
32,134,1,2
32,135,5,19
32,136,15,9
32,137,1,13
32,138,1,4
32,139,7,9
32,140,12,5
32,142,4,13
32,143,7,9
32,144,5,7
32,145,16,13
32,147,15,13
32,148,12,5
32,149,1,10
32,150,17,3
32,152,17,10
32,155,1,19
32,156,5,5
32,157,12,7
32,158,4,20
32,159,12,13
32,160,5,7
32,161,11,7
32,162,6,14
32,163,3,3
32,164,11,17
32,165,18,12
32,166,1,11
32,167,1,3
32,168,4,7
32,169,1,13
32,170,6,3
32,171,10,7
32,172,8,2
32,174,4,20
32,175,5,7
32,176,13,8
32,177,1,11
33,1,1,11
33,2,10,2
33,3,4,3
33,4,5,1
33,7,7,12
33,9,9,2
33,10,17,1
33,11,6,16
33,12,9,2
33,13,12,10
33,14,1,13
33,15,13,14
33,16,5,11
33,17,4,20
33,20,1,13
33,21,1,10
33,22,12,6
33,23,16,11
33,24,6,16
33,25,1,18
33,26,10,5
33,28,9,2
33,29,1,13
33,30,13,10
33,31,18,5
33,32,9,2
33,33,6,15
33,34,13,14
33,35,18,5
33,36,1,18
33,37,8,16
33,38,4,4
33,40,8,8
33,41,11,6
33,42,3,12
33,44,4,3
33,45,13,7
33,46,18,7
33,47,3,14
33,48,9,9
33,49,12,6
33,50,1,11
33,51,5,9
33,52,13,10
33,53,1,20
33,54,11,6
33,55,10,5
33,56,13,10
33,57,1,2
33,58,19,12
33,59,6,6
33,60,3,14
33,61,2,4
33,63,16,8
33,64,1,2
33,66,3,14
33,67,5,19
33,68,7,18
33,69,15,10
33,70,13,10
33,71,13,14
33,72,1,2
33,73,9,10
33,74,3,12
33,75,3,12
33,76,5,9
33,77,19,16
33,78,10,6
33,80,4,14
33,81,7,3
33,82,9,2
33,83,13,14
33,84,11,6
33,85,2,4
33,86,19,14
33,87,15,15
33,88,1,11
33,89,11,10
33,90,4,10
33,91,4,20
33,92,14,7
33,93,8,16
33,94,16,12
33,95,6,18
33,97,1,19
33,98,1,3
33,99,11,14
33,100,4,15
33,101,5,19
33,102,7,3
33,103,6,18
33,105,17,1
33,106,4,15
33,107,4,20
33,108,3,14
33,110,19,2
33,111,1,10
33,112,4,6
33,113,10,18
33,114,14,17
33,115,1,11
33,116,17,1
33,117,10,6
33,118,8,13
33,119,2,4
33,121,16,12
33,122,1,13
33,123,5,19
33,125,13,10
33,126,9,10
33,128,9,10
33,130,9,2
33,131,1,11
33,133,4,20
33,134,1,3
33,135,6,18
33,136,14,10
33,137,1,13
33,138,1,5
33,139,8,8
33,140,11,6
33,142,3,14
33,143,8,8
33,144,6,6
33,145,17,12
33,147,16,12
33,148,11,6
33,149,1,11
33,150,17,2
33,152,16,11
33,155,1,18
33,156,4,5
33,157,13,6
33,158,5,19
33,159,13,12
33,160,6,6
33,161,11,8
33,162,6,13
33,163,2,4
33,164,10,18
33,165,18,13
33,166,1,11
33,167,1,4
33,168,3,8
33,169,1,13
33,170,7,2
33,171,9,8
33,172,7,3
33,174,5,19
33,175,6,6
33,176,14,7
33,177,1,11
34,1,2,11
34,2,9,3
34,3,5,2
34,4,4,2
34,7,7,11
34,9,8,3
34,10,17,1
34,11,7,15
34,12,8,3
34,13,11,11
34,14,1,13
34,15,13,14
34,16,6,11
34,17,4,20
34,20,1,13
34,21,1,11
34,22,13,5
34,23,15,11
34,24,7,15
34,25,1,18
34,26,9,6
34,28,10,1
34,29,1,13
34,30,13,11
34,31,17,6
34,32,8,3
34,33,5,15
34,34,12,14
34,35,17,6
34,36,1,18
34,37,7,16
34,38,5,3
34,40,7,9
34,41,12,5
34,42,4,11
34,44,5,2
34,45,12,8
34,46,19,6
34,47,2,15
34,48,10,9
34,49,13,5
34,50,1,11
34,51,5,9
34,52,14,9
34,53,1,20
34,54,12,5
34,55,9,6
34,56,14,9
34,57,1,3
34,58,19,13
34,59,5,7
34,60,4,13
34,61,1,5
34,63,16,9
34,64,1,2
34,66,4,13
34,67,4,20
34,68,8,17
34,69,16,9
34,70,14,9
34,71,12,15
34,72,1,2
34,73,10,9
34,74,4,11
34,75,3,11
34,76,5,9
34,77,20,16
34,78,9,7
34,80,5,13
34,81,8,2
34,82,8,3
34,83,13,14
34,84,12,5
34,85,3,3
34,86,19,15
34,87,15,16
34,88,1,10
34,89,12,11
34,90,5,9
34,91,4,20
34,92,15,6
34,93,7,17
34,94,17,11
34,95,5,18
34,97,1,18
34,98,1,3
34,99,12,13
34,100,5,14
34,101,4,20
34,102,8,2
34,103,5,19
34,105,18,1
34,106,4,16
34,107,5,19
34,108,3,15
34,110,19,1
34,111,1,11
34,112,5,5
34,113,11,17
34,114,14,18
34,115,1,10
34,116,17,1
34,117,9,7
34,118,8,12
34,119,3,3
34,121,17,11
34,122,1,13
34,123,4,20
34,125,14,9
34,126,10,11
34,128,8,11
34,130,10,1
34,131,1,10
34,133,5,19
34,134,1,2
34,135,5,19
34,136,15,9
34,137,1,13
34,138,1,6
34,139,7,9
34,140,12,5
34,142,4,13
34,143,7,9
34,144,5,7
34,145,16,13
34,147,15,13
34,148,12,5
34,149,1,10
34,150,17,3
34,152,16,10
34,155,1,19
34,156,5,5
34,157,12,7
34,158,4,20
34,159,12,13
34,160,5,7
34,161,12,8
34,162,5,13
34,163,3,3
34,164,11,17
34,165,19,13
34,166,1,11
34,167,1,5
34,168,4,7
34,169,1,13
34,170,6,3
34,171,10,7
34,172,8,2
34,174,4,20
34,175,5,7
34,176,13,8
34,177,1,11
35,1,1,11
35,2,10,2
35,3,4,3
35,4,5,1
35,7,7,12
35,9,9,2
35,10,17,1
35,11,6,16
35,12,9,2
35,13,12,10
35,14,1,13
35,15,13,14
35,16,5,11
35,17,5,19
35,20,1,13
35,21,1,10
35,22,12,6
35,23,16,11
35,24,6,16
35,25,1,18
35,26,10,5
35,28,9,2
35,29,1,13
35,30,13,12
35,31,18,5
35,32,9,2
35,33,6,15
35,34,13,14
35,35,18,5
35,36,1,18
35,37,8,16
35,38,4,4
35,40,8,8
35,41,11,6
35,42,3,12
35,44,4,3
35,45,13,7
35,46,18,7
35,47,3,14
35,48,9,9
35,49,12,6
35,50,1,11
35,51,5,9
35,52,13,10
35,53,1,20
35,54,11,6
35,55,10,5
35,56,13,10
35,57,1,2
35,58,18,14
35,59,6,6
35,60,3,14
35,61,2,4
35,63,16,8
35,64,1,2
35,66,3,14
35,67,5,19
35,68,7,18
35,69,15,10
35,70,13,10
35,71,13,14
35,72,1,2
35,73,9,10
35,74,3,12
35,75,2,12
35,76,5,9
35,77,19,16
35,78,10,6
35,80,4,14
35,81,7,3
35,82,9,2
35,83,13,14
35,84,11,6
35,85,2,4
35,86,18,15
35,87,15,15
35,88,1,11
35,89,12,10
35,90,4,10
35,91,4,20
35,92,14,7
35,93,8,16
35,94,16,12
35,95,5,19
35,97,1,19
35,98,1,3
35,99,11,14
35,100,4,15
35,101,5,19
35,102,7,3
35,103,6,18
35,105,17,1
35,106,4,15
35,107,4,20
35,108,4,15
35,110,20,1
35,111,1,10
35,112,4,6
35,113,10,18
35,114,14,17
35,115,1,11
35,116,18,2
35,117,10,6
35,118,9,11
35,119,2,4
35,121,16,12
35,122,1,13
35,123,5,19
35,125,13,10
35,126,10,10
35,128,9,10
35,130,9,2
35,131,1,11
35,133,4,20
35,134,1,3
35,135,6,18
35,136,14,10
35,137,1,13
35,138,1,7
35,139,8,8
35,140,11,6
35,142,3,14
35,143,8,8
35,144,6,6
35,145,17,12
35,147,16,12
35,148,11,6
35,149,1,11
35,150,17,2
35,152,17,10
35,155,1,18
35,156,4,5
35,157,13,6
35,158,5,19
35,159,13,12
35,160,6,6
35,161,11,9
35,162,6,14
35,163,2,4
35,164,10,18
35,165,18,13
35,166,1,11
35,167,2,4
35,168,3,8
35,169,1,13
35,170,7,2
35,171,9,8
35,172,7,3
35,174,5,19
35,175,6,6
35,176,14,7
35,177,1,11
36,1,1,11
36,2,9,3
36,3,5,2
36,4,4,2
36,7,7,11
36,9,8,3
36,10,17,1
36,11,7,15
36,12,8,3
36,13,11,11
36,14,1,13
36,15,13,14
36,16,6,11
36,17,4,20
36,20,1,13
36,21,1,11
36,22,13,5
36,23,15,11
36,24,7,16
36,25,1,18
36,26,9,6
36,28,10,1
36,29,1,13
36,30,13,11
36,31,17,6
36,32,8,3
36,33,5,15
36,34,13,14
36,35,17,6
36,36,1,18
36,37,7,16
36,38,5,3
36,40,7,9
36,41,12,5
36,42,4,11
36,44,5,2
36,45,13,8
36,46,19,6
36,47,2,15
36,48,10,9
36,49,13,5
36,50,1,11
36,51,5,9
36,52,14,9
36,53,1,20
36,54,12,5
36,55,9,6
36,56,14,9
36,57,1,3
36,58,19,13
36,59,5,7
36,60,4,13
36,61,1,5
36,63,17,7
36,64,1,3
36,66,4,13
36,67,4,20
36,68,8,17
36,69,16,9
36,70,14,9
36,71,12,15
36,72,1,2
36,73,10,9
36,74,4,11
36,75,3,11
36,76,5,9
36,77,19,15
36,78,9,7
36,80,5,13
36,81,8,2
36,82,8,3
36,83,13,14
36,84,12,5
36,85,3,3
36,86,19,15
36,87,16,15
36,88,1,10
36,89,12,11
36,90,5,9
36,91,4,20
36,92,15,6
36,93,7,17
36,94,17,11
36,95,5,18
36,97,1,18
36,98,1,3
36,99,12,13
36,100,5,14
36,101,4,20
36,102,8,2
36,103,5,19
36,105,18,1
36,106,4,16
36,107,5,19
36,108,3,15
36,110,19,1
36,111,1,11
36,112,5,5
36,113,11,17
36,114,14,18
36,115,1,10
36,116,17,1
36,117,9,7
36,118,8,12
36,119,3,3
36,121,17,11
36,122,1,13
36,123,4,20
36,125,14,9
36,126,10,11
36,128,8,11
36,130,10,1
36,131,1,10
36,133,5,19
36,134,1,2
36,135,5,19
36,136,15,9
36,137,1,13
36,138,1,8
36,139,7,9
36,140,12,5
36,142,4,13
36,143,7,9
36,144,5,7
36,145,16,13
36,147,15,13
36,148,12,5
36,149,1,10
36,150,17,3
36,152,16,10
36,155,1,19
36,156,5,6
36,157,12,7
36,158,4,20
36,159,12,13
36,160,5,7
36,161,11,8
36,162,5,13
36,163,3,3
36,164,11,17
36,165,18,12
36,166,1,11
36,167,1,5
36,168,4,7
36,169,1,13
36,170,6,3
36,171,10,7
36,172,8,2
36,174,4,20
36,175,5,7
36,176,13,8
36,177,1,11
37,1,2,11
37,2,10,2
37,3,4,3
37,4,5,1
37,7,7,12
37,9,9,2
37,10,17,1
37,11,7,14
37,12,9,2
37,13,12,10
37,14,1,13
37,15,13,14
37,16,5,11
37,17,4,20
37,20,1,13
37,21,1,10
37,22,12,6
37,23,15,10
37,24,8,16
37,25,1,18
37,26,10,5
37,28,9,2
37,29,1,13
37,30,13,12
37,31,18,5
37,32,9,2
37,33,6,14
37,34,14,15
37,35,18,5
37,36,1,18
37,37,8,16
37,38,4,4
37,40,8,8
37,41,11,6
37,42,3,12
37,44,4,3
37,45,13,7
37,46,18,7
37,47,3,14
37,48,9,9
37,49,12,6
37,50,1,11
37,51,5,9
37,52,13,10
37,53,1,20
37,54,11,6
37,55,10,5
37,56,13,10
37,57,1,2
37,58,19,14
37,59,6,6
37,60,3,14
37,61,2,4
37,63,16,8
37,64,1,2
37,66,3,14
37,67,5,19
37,68,7,18
37,69,15,10
37,70,13,10
37,71,13,14
37,72,1,2
37,73,9,10
37,74,3,12
37,75,3,12
37,76,5,9
37,77,19,16
37,78,10,6
37,80,4,14
37,81,7,3
37,82,9,2
37,83,13,14
37,84,11,6
37,85,2,4
37,86,18,16
37,87,15,16
37,88,1,11
37,89,12,12
37,90,4,10
37,91,4,20
37,92,14,7
37,93,8,16
37,95,5,17
37,97,1,19
37,98,1,3
37,99,11,14
37,100,4,15
37,101,5,19
37,102,7,3
37,103,6,18
37,105,17,1
37,106,4,15
37,107,4,20
37,108,4,15
37,110,19,2
37,111,1,10
37,112,4,5
37,113,10,18
37,114,14,17
37,115,1,11
37,116,17,1
37,117,10,6
37,118,8,13
37,119,2,4
37,121,16,12
37,122,1,13
37,123,5,19
37,125,13,10
37,126,10,10
37,128,9,10
37,130,9,2
37,131,1,11
37,133,4,20
37,134,1,3
37,135,6,18
37,136,14,10
37,137,1,13
37,138,1,9
37,139,8,8
37,140,11,6
37,142,3,14
37,143,8,8
37,144,6,6
37,145,17,12
37,147,16,12
37,148,11,6
37,149,1,11
37,150,17,2
37,152,17,10
37,155,1,18
37,156,4,5
37,157,13,6
37,158,5,19
37,159,13,12
37,160,6,6
37,161,12,9
37,162,6,14
37,163,2,4
37,164,10,18
37,165,18,13
37,166,1,11
37,167,2,4
37,168,3,8
37,169,1,13
37,170,7,2
37,171,9,8
37,172,7,3
37,174,5,19
37,175,6,6
37,176,14,7
37,177,1,11
38,1,1,11
38,2,9,3
38,3,5,2
38,4,4,2
38,7,7,11
38,9,8,3
38,10,17,1
38,11,7,15
38,12,8,3
38,13,11,11
38,14,1,13
38,15,12,14
38,16,6,11
38,17,4,20
38,20,1,13
38,21,1,11
38,22,13,5
38,23,15,11
38,24,7,17
38,25,1,18
38,26,9,6
38,28,10,1
38,29,1,13
38,30,13,11
38,31,17,6
38,32,8,3
38,33,6,15
38,34,13,14
38,35,17,6
38,36,1,18
38,37,7,17
38,38,5,3
38,40,7,9
38,41,12,5
38,42,3,11
38,44,5,2
38,45,13,8
38,46,19,6
38,47,2,15
38,48,10,9
38,49,13,5
38,50,1,11
38,51,5,9
38,52,14,9
38,53,1,20
38,54,12,5
38,55,9,6
38,56,14,9
38,57,1,3
38,58,19,13
38,59,5,7
38,60,4,13
38,61,1,5
38,63,15,9
38,64,1,2
38,66,4,13
38,67,4,20
38,68,8,17
38,69,16,9
38,70,14,9
38,71,12,15
38,72,1,2
38,73,10,9
38,74,4,11
38,75,3,11
38,76,5,9
38,77,19,15
38,78,9,7
38,80,5,14
38,81,8,2
38,82,8,3
38,83,12,14
38,84,12,5
38,85,3,3
38,86,19,15
38,87,15,15
38,88,1,10
38,89,12,11
38,90,5,9
38,91,4,20
38,92,15,6
38,93,7,17
38,95,5,18
38,97,1,18
38,98,1,3
38,99,12,13
38,100,5,14
38,101,4,20
38,102,8,2
38,103,5,19
38,105,18,1
38,106,4,16
38,107,5,19
38,108,3,15
38,110,19,1
38,111,1,11
38,112,5,5
38,113,11,17
38,114,14,18
38,115,1,10
38,116,17,1
38,117,9,7
38,119,3,3
38,121,17,11
38,122,1,13
38,123,4,20
38,125,14,9
38,126,10,11
38,128,8,11
38,130,10,1
38,131,1,10
38,133,5,19
38,134,1,2
38,135,5,19
38,136,15,9
38,137,1,13
38,138,1,10
38,139,7,9
38,140,12,5
38,142,4,13
38,143,7,9
38,144,5,7
38,145,16,13
38,147,16,11
38,148,12,5
38,149,1,10
38,150,17,3
38,152,17,11
38,155,1,19
38,156,3,6
38,157,12,7
38,158,4,20
38,159,12,13
38,160,5,7
38,161,11,8
38,162,6,13
38,163,3,3
38,164,11,17
38,165,18,14
38,166,1,11
38,167,1,5
38,168,4,7
38,169,1,13
38,170,6,3
38,171,10,7
38,172,8,2
38,174,4,20
38,175,5,7
38,176,13,8
38,177,1,11
39,1,2,11
39,2,10,2
39,3,4,3
39,4,5,1
39,7,7,12
39,9,9,2
39,10,17,1
39,11,7,14
39,12,9,2
39,13,12,10
39,14,1,13
39,15,11,15
39,16,5,11
39,17,4,20
39,20,1,13
39,21,1,10
39,22,12,6
39,23,16,10
39,24,8,16
39,25,1,18
39,26,10,5
39,28,9,2
39,29,1,13
39,30,13,10
39,31,17,5
39,32,9,2
39,33,6,16
39,34,12,15
39,35,18,5
39,36,1,18
39,37,8,16
39,38,4,4
39,40,8,8
39,41,11,6
39,42,2,12
39,44,4,3
39,45,13,7
39,46,18,7
39,47,3,14
39,48,9,9
39,49,12,6
39,50,1,11
39,51,5,9
39,52,13,10
39,53,1,20
39,54,11,6
39,55,10,5
39,56,13,10
39,57,1,2
39,58,19,12
39,59,6,6
39,60,5,13
39,61,2,4
39,63,16,8
39,64,1,2
39,66,3,14
39,67,5,19
39,68,7,18
39,69,15,10
39,70,13,10
39,71,11,16
39,72,1,2
39,73,9,10
39,74,3,12
39,75,2,12
39,76,5,9
39,77,19,16
39,78,10,6
39,80,5,13
39,81,7,3
39,82,9,2
39,83,11,15
39,84,11,6
39,85,2,4
39,86,18,16
39,87,15,16
39,88,1,11
39,89,11,10
39,90,4,10
39,91,4,20
39,92,14,7
39,93,8,16
39,95,4,18
39,97,1,19
39,98,1,3
39,99,11,14
39,100,5,13
39,101,5,19
39,102,7,3
39,103,6,18
39,105,17,1
39,106,4,17
39,107,4,20
39,108,3,14
39,110,20,1
39,111,1,10
39,112,5,4
39,113,10,18
39,114,14,17
39,115,1,11
39,116,17,1
39,117,10,6
39,119,2,4
39,121,16,12
39,122,1,13
39,123,5,19
39,125,13,10
39,126,9,11
39,128,9,10
39,130,9,2
39,131,1,11
39,133,4,20
39,134,1,3
39,135,6,18
39,136,14,10
39,137,1,13
39,138,1,11
39,139,8,8
39,140,11,6
39,142,5,13
39,143,8,8
39,144,6,6
39,145,17,12
39,147,16,12
39,148,11,6
39,149,1,11
39,150,17,2
39,152,17,10
39,155,1,18
39,156,4,5
39,157,13,6
39,158,5,19
39,159,13,12
39,160,6,6
39,161,11,7
39,162,6,14
39,163,2,4
39,164,10,18
39,165,18,13
39,166,1,10
39,167,2,4
39,168,3,8
39,169,1,13
39,170,7,2
39,171,9,8
39,172,7,3
39,174,5,19
39,175,6,6
39,176,14,7
39,177,2,11
40,1,1,11
40,2,9,3
40,3,5,2
40,4,4,2
40,7,7,11
40,9,8,3
40,10,17,1
40,11,7,15
40,12,8,3
40,13,11,11
40,14,1,13
40,15,12,14
40,16,6,11
40,17,4,20
40,20,1,13
40,21,1,11
40,22,13,5
40,23,15,11
40,24,7,17
40,25,1,18
40,26,9,6
40,28,10,1
40,29,1,13
40,30,13,11
40,31,16,6
40,32,8,3
40,33,6,15
40,34,11,16
40,35,17,6
40,36,1,18
40,37,7,17
40,38,5,3
40,40,7,9
40,41,12,5
40,42,3,11
40,44,5,2
40,45,13,8
40,46,19,6
40,47,4,14
40,48,10,9
40,49,13,5
40,50,1,11
40,51,4,10
40,52,14,9
40,53,1,20
40,54,12,5
40,55,9,6
40,56,14,9
40,57,1,3
40,58,19,13
40,59,5,7
40,60,4,14
40,61,1,5
40,63,15,9
40,64,1,2
40,67,4,20
40,68,8,17
40,69,16,9
40,70,14,9
40,71,10,17
40,72,1,2
40,73,10,9
40,74,4,11
40,75,3,11
40,77,20,15
40,78,9,7
40,80,4,14
40,81,8,2
40,82,8,3
40,83,12,14
40,84,12,5
40,85,3,3
40,86,19,15
40,87,15,15
40,88,1,10
40,89,12,11
40,90,3,11
40,91,4,20
40,92,15,6
40,93,7,17
40,95,5,18
40,97,1,18
40,98,1,3
40,99,12,13
40,100,4,14
40,101,4,20
40,102,8,2
40,103,5,19
40,105,18,1
40,106,4,16
40,107,5,19
40,108,3,15
40,110,19,1
40,111,1,11
40,112,5,5
40,113,11,17
40,114,14,18
40,115,1,10
40,116,17,1
40,117,9,7
40,119,3,3
40,121,17,11
40,122,1,13
40,123,4,20
40,125,14,9
40,126,10,11
40,128,8,11
40,130,10,1
40,131,1,10
40,133,5,19
40,134,1,2
40,135,5,19
40,136,15,9
40,137,1,13
40,138,1,10
40,139,7,9
40,140,12,5
40,142,4,14
40,143,7,9
40,144,5,7
40,145,16,13
40,147,16,11
40,148,12,5
40,149,1,10
40,150,17,3
40,152,17,11
40,155,1,19
40,156,4,6
40,157,12,7
40,158,4,20
40,159,12,13
40,160,5,7
40,161,12,8
40,162,6,15
40,163,3,3
40,164,11,17
40,165,18,12
40,166,1,11
40,167,1,5
40,168,4,7
40,169,1,13
40,170,6,3
40,171,10,7
40,172,8,2
40,174,4,20
40,175,5,7
40,176,13,8
40,177,1,11
41,1,1,11
41,2,10,2
41,3,4,3
41,4,5,1
41,7,7,12
41,9,9,2
41,10,17,1
41,11,7,16
41,12,9,2
41,13,12,10
41,14,1,13
41,15,11,15
41,16,5,11
41,17,4,20
41,20,1,13
41,21,1,10
41,22,12,6
41,23,15,10
41,24,8,16
41,25,1,18
41,26,10,5
41,28,9,2
41,29,1,13
41,30,13,12
41,31,17,5
41,32,9,2
41,33,5,16
41,34,12,15
41,35,18,5
41,36,1,18
41,37,8,16
41,38,4,4
41,40,8,8
41,41,11,6
41,42,2,12
41,44,4,3
41,46,18,7
41,47,3,15
41,48,9,9
41,49,12,6
41,50,1,11
41,51,3,11
41,52,13,10
41,53,1,20
41,54,11,6
41,55,10,5
41,56,13,10
41,57,1,2
41,58,20,13
41,59,6,6
41,60,5,13
41,61,2,4
41,63,16,8
41,64,1,2
41,67,5,19
41,68,7,18
41,69,15,10
41,70,13,10
41,71,9,18
41,72,1,2
41,73,9,10
41,74,3,12
41,75,2,12
41,77,19,16
41,78,10,6
41,80,5,13
41,81,7,3
41,82,9,2
41,83,11,15
41,84,11,6
41,85,2,4
41,86,18,15
41,87,15,16
41,88,1,11
41,89,12,10
41,90,2,12
41,91,4,20
41,92,14,7
41,93,8,16
41,95,4,18
41,97,1,19
41,98,1,3
41,99,11,14
41,100,5,13
41,101,5,19
41,102,7,3
41,103,6,18
41,105,18,2
41,106,5,16
41,107,4,20
41,108,3,14
41,110,19,2
41,111,1,10
41,112,4,5
41,113,10,18
41,114,14,17
41,115,1,11
41,116,17,1
41,117,10,6
41,119,2,4
41,121,16,12
41,122,1,13
41,123,5,19
41,125,13,10
41,126,10,10
41,128,9,10
41,130,9,2
41,131,1,11
41,133,4,20
41,134,1,3
41,135,6,18
41,136,14,10
41,137,1,13
41,138,1,11
41,139,8,8
41,140,11,6
41,142,5,13
41,143,8,8
41,144,6,6
41,145,17,12
41,147,16,12
41,148,11,6
41,149,1,11
41,150,18,2
41,152,17,10
41,155,1,18
41,156,4,5
41,157,13,6
41,158,5,19
41,159,13,12
41,160,6,6
41,161,11,8
41,162,6,14
41,163,2,4
41,164,10,18
41,165,18,13
41,166,1,11
41,167,2,4
41,168,3,8
41,169,1,13
41,170,7,2
41,171,9,8
41,172,7,3
41,174,5,19
41,175,6,6
41,176,14,7
41,177,2,11
42,1,1,11
42,2,9,3
42,3,5,2
42,4,4,2
42,7,7,11
42,9,8,3
42,10,17,1
42,11,7,15
42,12,8,3
42,13,11,11
42,14,1,13
42,15,12,14
42,16,6,11
42,17,5,19
42,20,1,13
42,21,1,11
42,22,13,5
42,23,15,11
42,24,7,17
42,25,1,18
42,26,9,6
42,28,10,1
42,29,1,13
42,30,13,11
42,31,16,6
42,32,8,3
42,33,5,15
42,34,11,16
42,35,17,6
42,36,1,18
42,37,7,17
42,38,5,3
42,40,7,9
42,41,12,5
42,42,1,11
42,44,5,2
42,46,19,6
42,47,4,15
42,48,10,9
42,49,13,5
42,50,1,11
42,51,2,12
42,52,14,9
42,53,1,20
42,54,12,5
42,55,9,6
42,56,14,9
42,57,1,3
42,58,19,12
42,59,5,7
42,60,4,14
42,61,1,5
42,63,17,8
42,64,1,2
42,67,4,20
42,68,8,17
42,69,16,9
42,70,14,9
42,71,8,19
42,72,1,2
42,73,10,9
42,74,4,11
42,75,1,13
42,77,19,15
42,78,9,7
42,80,4,14
42,81,8,2
42,82,8,3
42,83,12,14
42,84,12,5
42,85,3,3
42,86,19,15
42,87,15,15
42,88,1,10
42,89,12,11
42,90,1,13
42,91,4,20
42,92,15,6
42,93,7,17
42,95,5,18
42,97,1,18
42,98,1,3
42,99,12,13
42,100,4,14
42,101,4,20
42,102,8,2
42,103,5,19
42,105,18,1
42,106,4,15
42,107,5,19
42,108,4,14
42,110,19,1
42,111,1,11
42,112,5,5
42,113,11,17
42,114,14,18
42,115,1,10
42,116,17,1
42,117,9,7
42,119,3,3
42,121,17,11
42,122,1,13
42,123,4,20
42,125,14,9
42,126,10,11
42,128,8,11
42,130,10,1
42,131,1,10
42,133,5,19
42,134,1,2
42,135,5,19
42,136,15,9
42,137,1,13
42,138,1,10
42,139,7,9
42,140,12,5
42,142,4,14
42,143,7,9
42,144,5,7
42,145,16,13
42,147,16,11
42,148,12,5
42,149,1,10
42,150,17,3
42,152,17,11
42,155,1,19
42,157,12,7
42,158,4,20
42,159,12,13
42,160,5,7
42,161,12,8
42,162,5,14
42,163,3,3
42,164,11,17
42,165,18,12
42,166,1,11
42,167,1,5
42,168,4,7
42,169,1,13
42,170,6,3
42,171,10,7
42,172,8,2
42,174,4,20
42,175,5,7
42,176,13,8
42,177,1,11
43,1,2,11
43,2,10,2
43,3,4,3
43,4,5,1
43,7,7,12
43,9,9,2
43,10,17,1
43,11,7,16
43,12,9,2
43,13,12,10
43,14,1,13
43,15,11,15
43,16,5,11
43,17,5,19
43,20,1,13
43,21,1,10
43,22,12,6
43,23,15,10
43,24,8,16
43,25,1,18
43,26,10,5
43,28,9,2
43,29,1,13
43,30,14,10
43,31,17,5
43,32,9,2
43,33,6,15
43,34,12,15
43,35,18,5
43,36,1,18
43,37,8,16
43,38,4,4
43,40,8,8
43,41,11,6
43,42,2,11
43,44,4,3
43,46,18,7
43,47,3,16
43,48,9,9
43,49,12,6
43,50,1,11
43,51,3,11
43,52,13,10
43,53,1,20
43,54,11,6
43,55,10,5
43,56,13,10
43,57,1,2
43,58,19,13
43,59,6,6
43,60,5,13
43,61,2,4
43,63,16,8
43,64,1,2
43,67,5,19
43,68,7,18
43,69,15,10
43,70,13,10
43,71,7,20
43,72,1,2
43,73,9,10
43,74,3,12
43,75,1,14
43,77,19,16
43,78,10,6
43,80,5,13
43,81,7,3
43,82,9,2
43,83,11,15
43,84,11,6
43,85,2,4
43,86,18,16
43,87,16,15
43,88,1,11
43,89,12,10
43,90,1,14
43,91,4,20
43,92,14,7
43,93,8,16
43,95,6,18
43,97,1,19
43,98,1,3
43,99,11,14
43,100,5,13
43,101,5,19
43,102,7,3
43,103,6,18
43,105,17,1
43,106,4,16
43,107,4,20
43,108,3,15
43,110,19,2
43,111,1,10
43,112,5,6
43,113,10,18
43,114,14,17
43,115,1,11
43,116,17,1
43,117,10,6
43,119,2,4
43,121,16,12
43,122,1,13
43,123,5,19
43,125,13,10
43,126,9,11
43,128,9,10
43,130,9,2
43,131,1,11
43,133,4,20
43,134,1,3
43,135,6,18
43,136,14,10
43,137,1,13
43,138,1,11
43,139,8,8
43,140,11,6
43,142,5,13
43,143,8,8
43,144,6,6
43,145,17,12
43,147,16,12
43,148,11,6
43,149,1,11
43,150,17,2
43,152,17,10
43,155,1,18
43,157,13,6
43,158,5,19
43,159,13,12
43,160,6,6
43,161,12,9
43,162,6,13
43,163,2,4
43,164,10,18
43,165,18,13
43,166,1,11
43,167,2,4
43,168,3,8
43,169,1,13
43,170,7,2
43,171,9,8
43,172,7,3
43,174,5,19
43,175,6,6
43,176,14,7
43,177,2,11
44,1,2,12
44,2,9,3
44,3,5,2
44,4,4,2
44,7,6,11
44,9,8,3
44,10,17,1
44,11,7,15
44,12,8,3
44,13,11,11
44,14,1,13
44,15,12,14
44,16,6,11
44,17,5,19
44,20,1,13
44,21,1,11
44,22,13,5
44,23,15,11
44,24,7,17
44,25,1,18
44,26,9,6
44,28,10,1
44,29,1,13
44,30,13,11
44,31,16,6
44,32,8,3
44,33,5,14
44,34,11,16
44,35,17,6
44,36,1,18
44,37,7,17
44,38,5,3
44,40,7,9
44,41,12,5
44,42,1,12
44,44,5,2
44,46,19,6
44,47,4,15
44,48,10,9
44,49,13,5
44,50,1,11
44,51,2,12
44,52,14,9
44,53,1,20
44,54,12,5
44,55,9,6
44,56,14,9
44,57,1,3
44,58,19,14
44,59,5,7
44,60,4,14
44,61,1,5
44,63,16,9
44,64,1,2
44,67,4,20
44,68,8,17
44,69,16,9
44,70,14,9
44,71,6,20
44,72,1,2
44,73,10,9
44,74,4,11
44,75,2,13
44,77,20,16
44,78,9,7
44,80,4,14
44,81,8,2
44,82,8,3
44,83,12,14
44,84,12,5
44,85,3,3
44,86,19,15
44,87,15,15
44,88,1,10
44,89,12,11
44,90,2,13
44,91,4,20
44,92,14,6
44,93,7,17
44,95,5,19
44,97,1,18
44,98,1,3
44,99,12,13
44,100,4,14
44,101,4,20
44,102,8,2
44,103,5,19
44,105,18,1
44,106,5,15
44,107,5,19
44,108,3,14
44,110,19,1
44,111,1,11
44,112,5,5
44,113,11,17
44,114,14,18
44,115,1,10
44,116,17,1
44,117,9,7
44,119,3,3
44,121,17,11
44,122,1,13
44,123,4,20
44,125,14,9
44,126,10,11
44,128,8,11
44,130,10,1
44,131,1,10
44,133,5,19
44,134,1,2
44,135,5,19
44,136,15,9
44,137,1,13
44,138,1,10
44,139,7,9
44,140,12,5
44,142,4,14
44,143,7,9
44,144,5,7
44,145,16,13
44,147,16,11
44,148,12,5
44,149,1,10
44,150,17,3
44,152,17,11
44,155,1,19
44,157,12,7
44,158,4,20
44,159,12,13
44,160,5,7
44,161,11,8
44,162,5,14
44,163,3,3
44,164,11,17
44,165,18,14
44,166,1,11
44,167,1,5
44,168,4,7
44,169,1,13
44,170,6,3
44,171,10,7
44,172,8,2
44,174,4,20
44,175,5,7
44,176,13,8
44,177,2,12
45,1,2,11
45,2,10,2
45,3,4,3
45,4,5,1
45,7,7,11
45,9,9,2
45,10,17,1
45,11,7,14
45,12,9,2
45,13,12,10
45,14,1,13
45,15,11,15
45,16,5,12
45,17,4,20
45,20,2,14
45,21,1,10
45,22,12,6
45,23,15,10
45,24,8,16
45,25,1,18
45,26,10,5
45,28,9,2
45,29,1,13
45,30,13,12
45,31,17,5
45,32,9,2
45,33,6,14
45,34,12,15
45,35,18,5
45,36,1,18
45,37,8,16
45,38,4,4
45,40,8,8
45,41,11,6
45,42,2,11
45,44,4,3
45,46,18,7
45,47,3,16
45,48,9,9
45,49,12,6
45,50,1,10
45,51,3,11
45,52,13,10
45,53,1,20
45,54,11,6
45,55,10,5
45,56,13,10
45,57,1,2
45,58,19,13
45,59,6,6
45,60,5,13
45,61,2,4
45,63,16,8
45,64,1,2
45,67,5,19
45,68,7,18
45,69,15,10
45,70,13,10
45,71,5,20
45,72,1,2
45,73,9,10
45,74,3,12
45,75,3,12
45,77,19,16
45,78,10,6
45,80,5,13
45,81,7,3
45,82,9,2
45,83,11,15
45,84,11,6
45,85,2,4
45,86,20,15
45,87,16,16
45,88,1,11
45,89,12,10
45,90,3,12
45,91,4,20
45,92,13,7
45,93,8,16
45,95,4,18
45,97,1,19
45,98,1,3
45,99,11,14
45,100,5,13
45,101,5,19
45,102,7,3
45,103,6,18
45,105,17,1
45,106,4,16
45,107,4,20
45,108,3,15
45,110,20,1
45,111,1,10
45,112,4,5
45,113,10,18
45,114,14,17
45,115,1,11
45,116,17,2
45,117,10,6
45,119,2,4
45,121,16,12
45,122,1,13
45,123,5,19
45,125,13,10
45,126,9,11
45,128,9,10
45,130,9,2
45,131,1,11
45,133,4,20
45,134,1,3
45,135,6,18
45,136,14,10
45,137,1,13
45,138,1,11
45,139,8,8
45,140,11,6
45,142,5,13
45,143,8,8
45,144,6,6
45,145,17,12
45,147,16,12
45,148,11,6
45,149,1,11
45,150,17,2
45,152,17,10
45,155,1,18
45,157,13,6
45,158,5,19
45,159,13,12
45,160,6,6
45,161,11,7
45,162,6,13
45,163,2,4
45,164,10,18
45,165,18,13
45,166,1,11
45,167,2,4
45,168,3,8
45,169,1,13
45,170,7,2
45,171,9,8
45,172,7,3
45,174,5,19
45,175,6,6
45,176,14,7
45,177,1,11
46,1,1,11
46,2,9,3
46,3,5,2
46,4,4,2
46,7,6,11
46,9,8,3
46,10,17,1
46,11,7,15
46,12,8,3
46,13,11,11
46,14,1,13
46,15,12,14
46,16,6,11
46,17,5,19
46,20,1,13
46,21,1,11
46,22,13,5
46,23,15,11
46,24,7,17
46,25,1,18
46,26,9,6
46,28,10,1
46,29,1,13
46,30,13,11
46,31,16,6
46,32,8,3
46,33,5,15
46,34,11,16
46,35,17,6
46,36,1,18
46,37,7,17
46,38,5,3
46,40,7,9
46,41,12,5
46,42,1,12
46,44,5,2
46,46,19,7
46,47,4,15
46,48,10,9
46,49,13,5
46,50,1,11
46,51,2,12
46,52,14,9
46,53,1,20
46,54,12,5
46,55,9,6
46,56,14,9
46,57,1,3
46,58,19,12
46,59,5,7
46,60,4,14
46,61,1,5
46,63,15,9
46,64,1,2
46,67,4,20
46,68,8,17
46,69,16,9
46,70,14,9
46,71,4,20
46,72,1,2
46,73,10,9
46,74,4,11
46,75,2,13
46,77,20,16
46,78,9,7
46,80,4,14
46,81,8,2
46,82,8,3
46,83,12,14
46,84,12,5
46,85,3,3
46,86,19,15
46,87,15,15
46,88,1,10
46,89,12,11
46,90,4,11
46,91,4,20
46,92,14,6
46,93,7,17
46,95,5,18
46,97,1,18
46,98,1,3
46,99,12,13
46,100,4,14
46,101,4,20
46,102,8,2
46,103,5,19
46,105,17,1
46,106,4,15
46,107,5,19
46,108,3,14
46,110,19,1
46,111,1,11
46,112,5,5
46,113,11,17
46,114,14,18
46,115,1,10
46,116,17,1
46,117,9,7
46,119,3,3
46,121,17,11
46,122,1,13
46,123,4,20
46,125,13,9
46,126,10,11
46,128,8,11
46,130,10,1
46,131,1,10
46,133,5,19
46,134,1,2
46,135,5,19
46,136,15,9
46,137,1,13
46,138,1,10
46,139,7,9
46,140,12,5
46,142,4,14
46,143,7,9
46,144,5,7
46,145,16,13
46,147,16,11
46,148,12,5
46,149,1,10
46,150,17,3
46,152,16,10
46,155,1,19
46,157,12,7
46,158,4,20
46,159,12,13
46,160,5,7
46,161,11,8
46,162,5,14
46,163,3,3
46,164,11,17
46,165,18,14
46,166,1,11
46,167,1,5
46,168,4,7
46,169,1,13
46,170,6,3
46,171,10,7
46,172,8,2
46,174,4,20
46,175,5,7
46,176,15,6
46,177,1,11
47,1,1,11
47,2,10,2
47,3,4,3
47,4,5,1
47,7,7,11
47,9,9,2
47,10,17,2
47,11,7,14
47,12,9,2
47,13,12,10
47,14,1,13
47,15,11,15
47,16,5,12
47,17,4,20
47,20,1,13
47,21,1,10
47,22,12,6
47,23,15,10
47,24,8,16
47,25,1,18
47,26,10,5
47,28,9,2
47,29,1,13
47,30,13,12
47,31,17,5
47,32,9,2
47,33,6,14
47,34,12,15
47,35,18,5
47,36,1,18
47,37,8,16
47,38,4,4
47,40,8,8
47,41,11,6
47,42,2,11
47,44,4,3
47,46,19,6
47,47,3,16
47,48,9,9
47,49,12,6
47,50,1,11
47,51,3,11
47,52,13,10
47,53,1,20
47,54,11,6
47,55,10,5
47,56,13,10
47,57,1,2
47,58,19,13
47,59,6,6
47,60,5,13
47,61,2,4
47,63,16,8
47,64,1,2
47,67,5,19
47,68,7,18
47,69,15,10
47,70,13,10
47,71,5,19
47,72,1,2
47,73,9,10
47,74,3,12
47,75,3,12
47,77,19,16
47,78,10,6
47,80,5,13
47,81,7,3
47,82,9,2
47,83,11,15
47,84,11,6
47,85,2,4
47,86,19,16
47,87,16,16
47,88,1,11
47,89,12,12
47,90,3,12
47,91,4,20
47,92,13,7
47,93,8,16
47,95,5,17
47,97,1,19
47,98,1,3
47,99,11,14
47,100,5,13
47,101,5,19
47,102,7,3
47,103,6,18
47,105,17,1
47,106,4,16
47,107,4,20
47,108,3,15
47,110,18,1
47,111,1,10
47,112,5,6
47,113,10,18
47,114,14,17
47,115,1,11
47,116,17,1
47,117,10,6
47,119,2,4
47,121,16,12
47,122,1,13
47,123,5,19
47,125,12,10
47,126,9,11
47,128,9,10
47,130,9,2
47,131,1,11
47,133,4,20
47,134,1,3
47,135,6,18
47,136,14,10
47,137,1,13
47,138,1,11
47,139,8,8
47,140,11,6
47,142,5,13
47,143,8,8
47,144,6,6
47,145,17,12
47,147,16,12
47,148,11,6
47,149,1,11
47,150,18,2
47,152,17,10
47,155,1,18
47,157,13,6
47,158,5,19
47,159,13,12
47,160,6,6
47,161,11,7
47,162,5,13
47,163,2,4
47,164,10,18
47,165,18,13
47,166,1,11
47,167,2,4
47,168,3,8
47,169,1,13
47,170,7,2
47,171,9,8
47,172,7,3
47,174,5,19
47,175,6,6
47,176,14,7
47,177,1,11
48,1,1,11
48,2,9,3
48,3,5,2
48,4,4,2
48,7,6,11
48,9,8,3
48,10,17,1
48,11,7,15
48,12,8,3
48,13,11,11
48,14,1,13
48,15,12,14
48,16,6,11
48,17,5,19
48,20,1,13
48,21,1,11
48,22,13,5
48,23,15,11
48,24,7,17
48,25,1,18
48,26,9,6
48,28,10,1
48,29,1,13
48,30,13,11
48,31,16,6
48,32,8,3
48,33,5,15
48,34,11,16
48,35,17,6
48,36,1,18
48,37,7,17
48,38,5,3
48,40,7,9
48,41,12,5
48,42,1,10
48,44,5,2
48,46,18,7
48,47,4,15
48,48,10,9
48,49,13,5
48,50,1,11
48,51,2,12
48,52,14,9
48,53,1,20
48,54,12,5
48,55,9,6
48,56,14,9
48,57,1,3
48,58,20,12
48,59,5,7
48,60,4,14
48,61,1,5
48,63,16,9
48,64,1,2
48,67,4,20
48,68,8,17
48,69,16,9
48,70,14,9
48,71,4,20
48,72,1,3
48,73,10,9
48,74,4,11
48,75,2,13
48,77,18,17
48,78,9,7
48,80,4,14
48,81,8,2
48,82,8,3
48,83,12,14
48,84,12,5
48,85,3,3
48,86,19,15
48,87,15,15
48,88,1,10
48,89,12,11
48,90,4,11
48,91,4,20
48,92,14,6
48,93,7,17
48,95,5,18
48,97,1,18
48,98,1,3
48,99,12,13
48,100,4,14
48,101,4,20
48,102,8,2
48,103,5,19
48,105,17,1
48,106,4,17
48,107,5,19
48,108,3,14
48,110,19,1
48,111,1,11
48,112,5,5
48,113,11,17
48,114,14,18
48,115,1,10
48,116,17,1
48,117,9,7
48,119,3,3
48,121,17,11
48,122,1,13
48,123,4,20
48,125,13,9
48,126,10,11
48,128,8,11
48,130,10,1
48,131,1,10
48,133,5,19
48,134,1,2
48,135,5,19
48,136,15,9
48,137,1,13
48,138,1,10
48,139,7,9
48,140,12,5
48,142,4,14
48,143,7,9
48,144,5,7
48,145,16,13
48,147,16,11
48,148,12,5
48,149,1,10
48,150,17,3
48,152,17,11
48,155,1,19
48,157,12,7
48,158,4,20
48,159,12,13
48,160,5,7
48,161,11,8
48,162,4,14
48,163,3,3
48,164,11,17
48,165,18,12
48,166,1,11
48,167,1,5
48,168,4,7
48,169,1,13
48,170,6,3
48,171,10,7
48,172,8,2
48,174,4,20
48,175,5,7
48,176,15,7
48,177,1,11
49,1,1,11
49,2,10,2
49,3,4,3
49,4,5,1
49,7,7,11
49,9,9,2
49,10,17,1
49,11,7,16
49,12,9,2
49,13,12,10
49,14,1,13
49,15,11,15
49,16,5,12
49,17,5,19
49,20,1,13
49,21,1,10
49,22,12,6
49,23,15,10
49,24,8,16
49,25,1,18
49,26,10,5
49,28,9,2
49,29,1,13
49,30,13,10
49,31,17,5
49,32,9,2
49,33,6,16
49,34,12,15
49,35,18,5
49,36,1,18
49,37,8,16
49,38,4,4
49,40,8,8
49,41,11,6
49,42,1,11
49,44,4,3
49,46,19,6
49,47,3,16
49,48,9,9
49,49,12,6
49,50,1,11
49,51,3,11
49,52,13,10
49,53,1,20
49,54,11,6
49,55,10,5
49,56,13,10
49,57,1,2
49,58,19,13
49,59,6,6
49,60,5,13
49,61,2,4
49,63,16,8
49,64,1,2
49,67,5,19
49,68,7,18
49,69,15,10
49,70,13,10
49,71,5,19
49,72,1,2
49,73,9,10
49,74,3,12
49,75,3,12
49,77,19,16
49,78,10,6
49,80,5,13
49,81,7,3
49,82,9,2
49,83,11,15
49,84,11,6
49,85,2,4
49,86,18,15
49,87,14,15
49,88,1,11
49,89,12,10
49,90,3,12
49,91,4,20
49,92,13,7
49,93,8,16
49,95,6,18
49,97,1,19
49,98,1,3
49,99,11,14
49,100,5,13
49,101,5,19
49,102,7,3
49,103,6,18
49,105,17,1
49,106,5,16
49,107,4,20
49,108,3,15
49,110,20,1
49,111,1,10
49,112,5,6
49,113,10,18
49,114,14,17
49,115,1,11
49,116,17,1
49,117,10,6
49,119,2,4
49,121,16,12
49,122,1,13
49,123,5,19
49,125,12,10
49,126,10,10
49,128,9,10
49,130,9,2
49,131,1,11
49,133,4,20
49,134,1,3
49,135,6,18
49,136,14,10
49,137,1,13
49,138,1,11
49,139,8,8
49,140,11,6
49,142,5,13
49,143,8,8
49,144,6,6
49,145,17,12
49,147,17,12
49,148,11,6
49,149,1,11
49,150,17,2
49,152,17,10
49,155,1,18
49,157,13,6
49,158,5,19
49,159,13,12
49,160,6,6
49,161,12,8
49,162,5,13
49,163,2,4
49,164,10,18
49,165,18,13
49,166,1,11
49,167,2,4
49,168,3,8
49,169,1,13
49,170,7,2
49,171,9,8
49,172,7,3
49,174,5,19
49,175,6,6
49,176,14,7
49,177,1,11
50,1,1,11
50,2,9,3
50,3,5,2
50,4,4,2
50,7,7,12
50,9,8,3
50,10,17,1
50,11,7,15
50,12,8,3
50,13,11,11
50,14,1,13
50,15,12,14
50,16,6,11
50,17,4,20
50,20,1,13
50,21,1,11
50,22,13,5
50,23,15,11
50,24,7,17
50,25,1,18
50,26,9,6
50,28,10,1
50,29,1,13
50,30,13,11
50,31,16,6
50,32,8,3
50,33,6,15
50,34,11,16
50,35,17,6
50,36,1,18
50,37,7,17
50,38,5,3
50,40,7,9
50,41,12,5
50,42,2,11
50,44,5,2
50,46,18,7
50,47,4,15
50,48,10,9
50,49,13,5
50,50,1,11
50,51,2,12
50,52,14,9
50,53,1,20
50,54,12,5
50,55,9,6
50,56,14,9
50,57,1,3
50,58,19,14
50,59,5,7
50,60,4,14
50,61,1,5
50,63,16,9
50,64,1,2
50,67,4,20
50,68,8,17
50,69,16,9
50,70,14,9
50,71,4,20
50,72,1,2
50,73,10,9
50,74,4,11
50,75,4,11
50,77,20,16
50,78,9,7
50,80,4,14
50,81,8,2
50,82,8,3
50,83,12,14
50,84,12,5
50,85,3,3
50,86,19,15
50,87,15,15
50,88,1,10
50,89,12,11
50,90,4,11
50,91,4,20
50,92,14,6
50,93,7,17
50,95,5,18
50,97,1,18
50,98,1,3
50,99,12,13
50,100,4,14
50,101,4,20
50,102,8,2
50,103,5,19
50,105,17,1
50,106,4,15
50,107,5,19
50,108,4,15
50,110,19,1
50,111,1,11
50,112,5,5
50,113,11,17
50,114,14,18
50,115,1,10
50,116,17,1
50,117,9,7
50,119,3,3
50,121,17,11
50,122,1,13
50,123,4,20
50,125,13,9
50,126,10,11
50,128,8,11
50,130,10,1
50,131,1,10
50,133,5,19
50,134,1,2
50,135,5,19
50,136,15,9
50,137,1,13
50,138,1,10
50,139,7,9
50,140,12,5
50,142,4,14
50,143,7,9
50,144,5,7
50,145,16,13
50,147,17,11
50,148,12,5
50,149,1,10
50,150,17,3
50,152,16,10
50,155,1,19
50,157,12,7
50,158,4,20
50,159,12,13
50,160,5,7
50,161,11,8
50,162,4,14
50,163,3,3
50,164,11,17
50,165,18,12
50,166,1,11
50,167,1,5
50,168,4,7
50,169,1,13
50,170,6,3
50,171,10,7
50,172,8,2
50,174,4,20
50,175,5,7
50,176,15,7
50,177,1,11
51,1,1,11
51,2,10,2
51,3,4,3
51,4,5,1
51,7,7,11
51,9,9,2
51,10,17,1
51,11,7,16
51,12,9,2
51,13,12,10
51,14,1,13
51,15,11,15
51,16,5,11
51,17,5,19
51,20,1,13
51,21,1,10
51,22,12,6
51,23,15,10
51,24,7,16
51,25,1,18
51,26,10,5
51,28,9,2
51,29,1,13
51,30,13,10
51,31,17,5
51,32,9,2
51,33,5,15
51,34,12,15
51,35,18,5
51,36,1,18
51,37,8,16
51,38,4,4
51,40,8,8
51,41,11,6
51,42,3,11
51,44,4,3
51,46,19,6
51,47,3,16
51,48,9,9
51,49,12,6
51,50,1,11
51,51,3,11
51,52,13,10
51,53,1,20
51,54,11,6
51,55,10,5
51,56,13,10
51,57,1,2
51,58,19,13
51,59,6,6
51,60,5,13
51,61,2,4
51,63,16,8
51,64,1,2
51,67,5,19
51,68,7,18
51,69,15,10
51,70,13,10
51,71,5,19
51,72,1,2
51,73,9,10
51,74,3,12
51,75,3,11
51,77,19,16
51,78,10,6
51,80,5,13
51,81,7,3
51,82,9,2
51,83,11,15
51,84,11,6
51,85,2,4
51,86,20,15
51,87,15,16
51,88,1,11
51,89,12,10
51,90,3,12
51,91,4,20
51,92,13,7
51,93,8,16
51,95,5,17
51,97,1,19
51,98,1,3
51,99,11,14
51,100,5,13
51,101,5,19
51,102,7,3
51,103,6,18
51,105,18,1
51,106,4,16
51,107,4,20
51,108,3,15
51,110,19,2
51,111,1,10
51,112,5,6
51,113,10,18
51,114,14,17
51,115,1,11
51,116,17,1
51,117,10,6
51,119,2,4
51,121,16,12
51,122,1,13
51,123,5,19
51,125,12,10
51,126,9,11
51,128,9,10
51,130,9,2
51,131,1,11
51,133,4,20
51,134,1,3
51,135,6,18
51,136,14,10
51,137,1,13
51,138,1,11
51,139,8,8
51,140,11,6
51,142,5,13
51,143,8,8
51,144,6,6
51,145,17,12
51,147,16,11
51,148,11,6
51,149,1,11
51,150,17,2
51,152,17,10
51,155,1,18
51,157,13,6
51,158,5,19
51,159,13,12
51,160,6,6
51,161,11,7
51,162,5,13
51,163,2,4
51,164,10,18
51,165,18,13
51,166,1,11
51,167,2,4
51,168,3,8
51,169,1,13
51,170,7,2
51,171,9,8
51,172,7,3
51,174,5,19
51,175,6,6
51,176,14,7
51,177,1,11
52,1,1,11
52,2,9,3
52,3,5,2
52,4,4,2
52,7,7,12
52,9,8,3
52,10,17,1
52,11,7,15
52,12,8,3
52,13,11,11
52,14,1,13
52,15,12,14
52,16,6,11
52,17,4,20
52,20,1,13
52,21,1,11
52,22,13,5
52,23,15,11
52,24,6,17
52,25,1,18
52,26,9,6
52,28,10,1
52,29,1,13
52,30,13,11
52,31,16,6
52,32,8,3
52,33,6,15
52,34,11,16
52,35,17,6
52,36,1,18
52,37,7,17
52,38,5,3
52,40,7,9
52,41,12,5
52,42,2,12
52,44,5,2
52,46,18,7
52,47,4,15
52,48,10,9
52,49,13,5
52,50,1,11
52,51,2,12
52,52,14,9
52,53,1,20
52,54,12,5
52,55,9,6
52,56,14,9
52,57,1,3
52,58,20,12
52,59,5,7
52,60,4,14
52,61,1,5
52,63,16,9
52,64,1,2
52,67,4,20
52,68,8,17
52,69,16,9
52,70,14,9
52,71,4,20
52,72,1,2
52,73,10,9
52,74,4,11
52,75,2,12
52,77,20,16
52,78,9,7
52,80,4,14
52,81,8,2
52,82,8,3
52,83,12,14
52,84,12,5
52,85,3,3
52,86,19,15
52,87,15,15
52,88,1,10
52,89,12,11
52,90,4,11
52,91,4,20
52,92,14,6
52,93,7,17
52,95,5,18
52,97,1,18
52,98,1,3
52,99,12,13
52,100,4,14
52,101,4,20
52,102,8,2
52,103,5,19
52,105,17,1
52,106,4,15
52,107,5,19
52,108,4,14
52,110,19,1
52,111,1,11
52,112,5,5
52,113,11,17
52,114,14,18
52,115,1,10
52,116,17,1
52,117,9,7
52,119,3,3
52,121,17,11
52,122,1,13
52,123,4,20
52,125,13,9
52,126,10,11
52,128,8,11
52,130,10,1
52,131,1,10
52,133,5,19
52,134,1,2
52,135,5,19
52,136,15,9
52,137,1,13
52,138,1,10
52,139,7,9
52,140,12,5
52,142,4,14
52,143,7,9
52,144,5,7
52,145,16,13
52,147,16,10
52,148,12,5
52,149,1,10
52,150,17,3
52,152,16,10
52,155,1,19
52,157,12,7
52,158,4,20
52,159,12,13
52,160,5,7
52,161,11,8
52,162,4,14
52,163,3,3
52,164,11,17
52,165,17,14
52,166,1,11
52,167,1,5
52,168,4,7
52,169,1,13
52,170,6,3
52,171,10,7
52,172,8,2
52,174,4,20
52,175,5,7
52,176,14,8
52,177,1,11
