rep,year,week,land_size,maxK,lambda1,lambda2,starting_cases,a_mort,j_mort,total_pop,n_infected,n_symptomatic,actual_sero,elim
20,1,1,60,25,0.001,0,0,0.005,0.025,5406,0,0,0.0014798372179060304,True
20,1,2,60,25,0.001,0,0,0.005,0.025,5319,0,0,0.0035721000188005266,True
20,1,3,60,25,0.001,0,0,0.005,0.025,5176,0,0,0.005795981452859351,True
20,1,4,60,25,0.001,0,0,0.005,0.025,5090,0,0,0.008447937131630648,True
20,1,5,60,25,0.001,0,0,0.005,0.025,5019,0,0,0.009563658099222952,True
20,1,6,60,25,0.001,0,0,0.005,0.025,4952,0,0,0.01191437802907916,True
20,1,7,60,25,0.001,0,0,0.005,0.025,4883,0,0,0.013721073110792546,True
20,1,8,60,25,0.001,0,0,0.005,0.025,4809,0,0,0.015803701393221042,True
20,1,9,60,25,0.001,0,0,0.005,0.025,4750,0,0,0.017473684210526315,True
20,1,10,60,25,0.001,0,0,0.005,0.025,4688,0,0,0.020051194539249147,True
20,1,11,60,25,0.001,0,0,0.005,0.025,4633,0,0,0.022231815238506366,True
20,1,12,60,25,0.001,0,0,0.005,0.025,4576,0,0,0.0236013986013986,True
20,1,13,60,25,0.001,0,0,0.005,0.025,4525,0,0,0.025193370165745858,True
20,1,14,60,25,0.001,0,0,0.005,0.025,4477,0,0,0.026580299307572035,True
20,1,15,60,25,0.001,0,0,0.005,0.025,4432,0,0,0.029557761732851986,True
20,1,16,60,25,0.001,0,0,0.005,0.025,4398,0,0,0.030923146884947704,True
20,1,17,60,25,0.001,0,0,0.005,0.025,4330,0,0,0.03279445727482679,True
20,1,18,60,25,0.001,0,0,0.005,0.025,12930,0,0,0.013070378963650426,True
20,1,19,60,25,0.001,0,0,0.005,0.025,12632,0,0,0.015120329322355922,True
20,1,20,60,25,0.001,0,0,0.005,0.025,12259,0,0,0.017130271637164532,True
20,1,21,60,25,0.001,0,0,0.005,0.025,11924,0,0,0.01912110030191211,True
20,1,22,60,25,0.001,0,0,0.005,0.025,11608,0,0,0.021709166092350102,True
20,1,23,60,25,0.001,0,0,0.005,0.025,11293,0,0,0.023997166386256975,True
20,1,24,60,25,0.001,0,0,0.005,0.025,11005,0,0,0.026079054975011357,True
20,1,25,60,25,0.001,0,0,0.005,0.025,10720,0,0,0.028078358208955222,True
20,1,26,60,25,0.001,0,0,0.005,0.025,10460,0,0,0.030305927342256213,True
20,1,27,60,25,0.001,0,0,0.005,0.025,10195,0,0,0.032172633643943106,True
20,1,28,60,25,0.001,0,0,0.005,0.025,9935,0,0,0.0350276799194766,True
20,1,29,60,25,0.001,0,0,0.005,0.025,9705,0,0,0.03565172591447707,True
20,1,30,60,25,0.001,0,0,0.005,0.025,9497,0,0,0.038222596609455615,True
20,1,31,60,25,0.001,0,0,0.005,0.025,9264,0,0,0.0415587219343696,True
20,1,32,60,25,0.001,0,0,0.005,0.025,9040,0,0,0.04402654867256637,True
20,1,33,60,25,0.001,0,0,0.005,0.025,8857,0,0,0.04572654397651575,True
20,1,34,60,25,0.001,0,0,0.005,0.025,8677,0,0,0.04817333179670393,True
20,1,35,60,25,0.001,0,0,0.005,0.025,8493,0,0,0.05015895443306252,True
20,1,36,60,25,0.001,0,0,0.005,0.025,8303,0,0,0.051788510177044444,True
20,1,37,60,25,0.001,0,0,0.005,0.025,8111,0,0,0.05437060781654543,True
20,1,38,60,25,0.001,0,0,0.005,0.025,7959,0,0,0.056791054152531724,True
20,1,39,60,25,0.001,0,0,0.005,0.025,7838,0,0,0.05983669303393723,True
20,1,40,60,25,0.001,0,0,0.005,0.025,7697,0,0,0.06288164219825906,True
20,1,41,60,25,0.001,0,0,0.005,0.025,7891,0,0,0.08161196299581802,True
20,1,42,60,25,0.001,0,0,0.005,0.025,7821,0,0,0.084516046541363,True
20,1,43,60,25,0.001,0,0,0.005,0.025,7750,0,0,0.08619354838709678,True
20,1,44,60,25,0.001,0,0,0.005,0.025,7714,0,0,0.08983666061705989,True
20,1,45,60,25,0.001,0,0,0.005,0.025,7646,0,0,0.09168192518964165,True
20,1,46,60,25,0.001,0,0,0.005,0.025,7385,0,0,0.08314150304671632,True
20,1,47,60,25,0.001,0,0,0.005,0.025,7293,0,0,0.0854243795420266,True
20,1,48,60,25,0.001,0,0,0.005,0.025,7214,0,0,0.08594399778209039,True
20,1,49,60,25,0.001,0,0,0.005,0.025,7117,0,0,0.08823942672474357,True
20,1,50,60,25,0.001,0,0,0.005,0.025,7014,0,0,0.09039064727687482,True
20,1,51,60,25,0.001,0,0,0.005,0.025,6908,0,0,0.09192240880138969,True
20,1,52,60,25,0.001,0,0,0.005,0.025,6804,0,0,0.09435626102292768,True
20,2,1,60,25,0.001,0,0,0.005,0.025,6701,0,0,0.0964035218624086,True
20,2,2,60,25,0.001,0,0,0.005,0.025,6613,0,0,0.09814002721911387,True
20,2,3,60,25,0.001,0,0,0.005,0.025,6524,0,0,0.1007050889025138,True
20,2,4,60,25,0.001,0,0,0.005,0.025,6421,0,0,0.1020090328609251,True
20,2,5,60,25,0.001,0,0,0.005,0.025,6323,0,0,0.10422267910801834,True
20,2,6,60,25,0.001,0,0,0.005,0.025,6225,0,0,0.10522088353413654,True
20,2,7,60,25,0.001,0,0,0.005,0.025,6108,0,0,0.10674525212835625,True
20,2,8,60,25,0.001,0,0,0.005,0.025,6010,0,0,0.10948419301164726,True
20,2,9,60,25,0.001,0,0,0.005,0.025,5906,0,0,0.11208940060954961,True
20,2,10,60,25,0.001,0,0,0.005,0.025,5831,0,0,0.11456010975818899,True
20,2,11,60,25,0.001,0,0,0.005,0.025,5738,0,0,0.11606831648658068,True
20,2,12,60,25,0.001,0,0,0.005,0.025,5640,0,0,0.11595744680851064,True
20,2,13,60,25,0.001,0,0,0.005,0.025,5552,0,0,0.11887608069164265,True
20,2,14,60,25,0.001,0,0,0.005,0.025,5463,0,0,0.12008054182683507,True
20,2,15,60,25,0.001,0,0,0.005,0.025,5386,0,0,0.12198291867805422,True
20,2,16,60,25,0.001,0,0,0.005,0.025,5298,0,0,0.1236315590788977,True
20,2,17,60,25,0.001,0,0,0.005,0.025,5224,0,0,0.12672281776416539,True
20,2,18,60,25,0.001,0,0,0.005,0.025,10454,0,0,0.06514252917543524,True
20,2,19,60,25,0.001,0,0,0.005,0.025,10238,0,0,0.06788435241258058,True
20,2,20,60,25,0.001,0,0,0.005,0.025,10012,0,0,0.06991610067918498,True
20,2,21,60,25,0.001,0,0,0.005,0.025,9772,0,0,0.07306590257879657,True
20,2,22,60,25,0.001,0,0,0.005,0.025,9543,0,0,0.07523839463481086,True
20,2,23,60,25,0.001,0,0,0.005,0.025,9330,0,0,0.07813504823151125,True
20,2,24,60,25,0.001,0,0,0.005,0.025,9080,0,0,0.08204845814977973,True
20,2,25,60,25,0.001,0,0,0.005,0.025,8842,0,0,0.08504863153132776,True
20,2,26,60,25,0.001,0,0,0.005,0.025,8632,0,0,0.08630676552363299,True
20,2,27,60,25,0.001,0,0,0.005,0.025,8457,0,0,0.08797445902802412,True
20,2,28,60,25,0.001,0,0,0.005,0.025,8327,0,0,0.09054881710099676,True
20,2,29,60,25,0.001,0,0,0.005,0.025,8118,0,0,0.09263365360926337,True
20,2,30,60,25,0.001,0,0,0.005,0.025,7981,0,0,0.09535145971682747,True
20,2,31,60,25,0.001,0,0,0.005,0.025,7820,0,0,0.09782608695652174,True
20,2,32,60,25,0.001,0,0,0.005,0.025,7665,0,0,0.09928245270711024,True
20,2,33,60,25,0.001,0,0,0.005,0.025,7524,0,0,0.10207336523125997,True
20,2,34,60,25,0.001,0,0,0.005,0.025,7376,0,0,0.10479934924078091,True
20,2,35,60,25,0.001,0,0,0.005,0.025,7233,0,0,0.10618000829531314,True
20,2,36,60,25,0.001,0,0,0.005,0.025,7059,0,0,0.10752231194220145,True
20,2,37,60,25,0.001,0,0,0.005,0.025,6926,0,0,0.11088651458273173,True
20,2,38,60,25,0.001,0,0,0.005,0.025,6823,0,0,0.11343983584933313,True
20,2,39,60,25,0.001,0,0,0.005,0.025,6737,0,0,0.11563010241947454,True
20,2,40,60,25,0.001,0,0,0.005,0.025,6628,0,0,0.11828605914302957,True
20,2,41,60,25,0.001,0,0,0.005,0.025,7002,0,0,0.15052842045129963,True
20,2,42,60,25,0.001,0,0,0.005,0.025,6968,0,0,0.1555683122847302,True
20,2,43,60,25,0.001,0,0,0.005,0.025,6914,0,0,0.15866358113971651,True
20,2,44,60,25,0.001,0,0,0.005,0.025,6890,0,0,0.15965166908563136,True
20,2,45,60,25,0.001,0,0,0.005,0.025,6816,0,0,0.16035798122065728,True
20,2,46,60,25,0.001,0,0,0.005,0.025,6520,0,0,0.14248466257668713,True
20,2,47,60,25,0.001,0,0,0.005,0.025,6403,0,0,0.14274558800562237,True
20,2,48,60,25,0.001,0,0,0.005,0.025,6320,0,0,0.14414556962025316,True
20,2,49,60,25,0.001,0,0,0.005,0.025,6257,0,0,0.14543711043631133,True
20,2,50,60,25,0.001,0,0,0.005,0.025,6170,0,0,0.1481361426256078,True
20,2,51,60,25,0.001,0,0,0.005,0.025,6102,0,0,0.14962307440183548,True
20,2,52,60,25,0.001,0,0,0.005,0.025,6009,0,0,0.1507738392411383,True
20,3,1,60,25,0.001,0,0,0.005,0.025,5949,0,0,0.15246259875609347,True
20,3,2,60,25,0.001,0,0,0.005,0.025,5867,0,0,0.1556161581728311,True
20,3,3,60,25,0.001,0,0,0.005,0.025,5789,0,0,0.15633097253411643,True
20,3,4,60,25,0.001,0,0,0.005,0.025,5701,0,0,0.15979652692510085,True
20,3,5,60,25,0.001,0,0,0.005,0.025,5636,0,0,0.16305890702625975,True
20,3,6,60,25,0.001,0,0,0.005,0.025,5587,0,0,0.1666368355110077,True
20,3,7,60,25,0.001,0,0,0.005,0.025,5509,0,0,0.16863314576148122,True
20,3,8,60,25,0.001,0,0,0.005,0.025,5430,0,0,0.17016574585635358,True
20,3,9,60,25,0.001,0,0,0.005,0.025,5350,0,0,0.17121495327102804,True
20,3,10,60,25,0.001,0,0,0.005,0.025,5290,0,0,0.17145557655954632,True
20,3,11,60,25,0.001,0,0,0.005,0.025,5221,0,0,0.17352997510055546,True
20,3,12,60,25,0.001,0,0,0.005,0.025,5156,0,0,0.17591155934833205,True
20,3,13,60,25,0.001,0,0,0.005,0.025,5100,0,0,0.17862745098039215,True
20,3,14,60,25,0.001,0,0,0.005,0.025,5038,0,0,0.18042874156411273,True
20,3,15,60,25,0.001,0,0,0.005,0.025,4973,0,0,0.1819827066157249,True
20,3,16,60,25,0.001,0,0,0.005,0.025,4914,0,0,0.18376068376068377,True
20,3,17,60,25,0.001,0,0,0.005,0.025,4860,0,0,0.18621399176954734,True
20,3,18,60,25,0.001,0,0,0.005,0.025,11192,0,0,0.08112937812723374,True
20,3,19,60,25,0.001,0,0,0.005,0.025,10955,0,0,0.08306709265175719,True
20,3,20,60,25,0.001,0,0,0.005,0.025,10699,0,0,0.08552201140293485,True
20,3,21,60,25,0.001,0,0,0.005,0.025,10443,0,0,0.08838456382265633,True
20,3,22,60,25,0.001,0,0,0.005,0.025,10190,0,0,0.09205103042198233,True
20,3,23,60,25,0.001,0,0,0.005,0.025,9942,0,0,0.09424663045664856,True
20,3,24,60,25,0.001,0,0,0.005,0.025,9686,0,0,0.09735701011769564,True
20,3,25,60,25,0.001,0,0,0.005,0.025,9429,0,0,0.10117721921730831,True
20,3,26,60,25,0.001,0,0,0.005,0.025,9183,0,0,0.10410541217467059,True
20,3,27,60,25,0.001,0,0,0.005,0.025,8937,0,0,0.1071948081011525,True
20,3,28,60,25,0.001,0,0,0.005,0.025,8706,0,0,0.10946473696301401,True
20,3,29,60,25,0.001,0,0,0.005,0.025,8548,0,0,0.11230697239120262,True
20,3,30,60,25,0.001,0,0,0.005,0.025,8354,0,0,0.11491501077328226,True
20,3,31,60,25,0.001,0,0,0.005,0.025,8207,0,0,0.11746070427683684,True
20,3,32,60,25,0.001,0,0,0.005,0.025,8069,0,0,0.11971743710496964,True
20,3,33,60,25,0.001,0,0,0.005,0.025,7886,0,0,0.12287598275424803,True
20,3,34,60,25,0.001,0,0,0.005,0.025,7693,0,0,0.1266086052255297,True
20,3,35,60,25,0.001,0,0,0.005,0.025,7544,0,0,0.1306998939554613,True
20,3,36,60,25,0.001,0,0,0.005,0.025,7400,0,0,0.1335135135135135,True
20,3,37,60,25,0.001,0,0,0.005,0.025,7208,0,0,0.13568257491675917,True
20,3,38,60,25,0.001,0,0,0.005,0.025,7107,0,0,0.13929928239763614,True
20,3,39,60,25,0.001,0,0,0.005,0.025,7002,0,0,0.14124535846900885,True
20,3,40,60,25,0.001,0,0,0.005,0.025,6904,0,0,0.14440903823870221,True
20,3,41,60,25,0.001,0,0,0.005,0.025,7347,0,0,0.17966516945692118,True
20,3,42,60,25,0.001,0,0,0.005,0.025,7345,0,0,0.1865214431586113,True
20,3,43,60,25,0.001,0,0,0.005,0.025,7263,0,0,0.1922070769654413,True
20,3,44,60,25,0.001,0,0,0.005,0.025,7258,0,0,0.1944061724993111,True
20,3,45,60,25,0.001,0,0,0.005,0.025,7179,0,0,0.1945953475414403,True
20,3,46,60,25,0.001,0,0,0.005,0.025,6850,0,0,0.17912408759124088,True
20,3,47,60,25,0.001,0,0,0.005,0.025,6710,0,0,0.17719821162444113,True
20,3,48,60,25,0.001,0,0,0.005,0.025,6589,0,0,0.17893458794961298,True
20,3,49,60,25,0.001,0,0,0.005,0.025,6520,0,0,0.18144171779141105,True
20,3,50,60,25,0.001,0,0,0.005,0.025,6413,0,0,0.18322158116326212,True
20,3,51,60,25,0.001,0,0,0.005,0.025,6314,0,0,0.18451061133987964,True
20,3,52,60,25,0.001,0,0,0.005,0.025,6222,0,0,0.18659594985535197,True
20,4,1,60,25,0.001,0,0,0.005,0.025,6137,0,0,0.18852859703438163,True
20,4,2,60,25,0.001,0,0,0.005,0.025,6067,0,0,0.19152793802538323,True
20,4,3,60,25,0.001,0,0,0.005,0.025,5990,0,0,0.193322203672788,True
20,4,4,60,25,0.001,0,0,0.005,0.025,5915,0,0,0.19492814877430262,True
20,4,5,60,25,0.001,0,0,0.005,0.025,5835,0,0,0.19588688946015423,True
20,4,6,60,25,0.001,0,0,0.005,0.025,5757,0,0,0.20114643043251693,True
20,4,7,60,25,0.001,0,0,0.005,0.025,5683,0,0,0.20306176315326413,True
20,4,8,60,25,0.001,0,0,0.005,0.025,5574,0,0,0.2043415859346968,True
20,4,9,60,25,0.001,0,0,0.005,0.025,5497,0,0,0.20593050754957248,True
20,4,10,60,25,0.001,0,0,0.005,0.025,5429,0,0,0.207404678578007,True
20,4,11,60,25,0.001,0,0,0.005,0.025,5326,0,0,0.2097258730754788,True
20,4,12,60,25,0.001,0,0,0.005,0.025,5253,0,0,0.2132114981915096,True
20,4,13,60,25,0.001,0,0,0.005,0.025,5191,0,0,0.21363899056058563,True
20,4,14,60,25,0.001,0,0,0.005,0.025,5119,0,0,0.21566712248486034,True
20,4,15,60,25,0.001,0,0,0.005,0.025,5053,0,0,0.21769245992479716,True
20,4,16,60,25,0.001,0,0,0.005,0.025,4985,0,0,0.21905717151454362,True
20,4,17,60,25,0.001,0,0,0.005,0.025,4916,0,0,0.21948738812042312,True
20,4,18,60,25,0.001,0,0,0.005,0.025,10901,0,0,0.09999082652967618,True
20,4,19,60,25,0.001,0,0,0.005,0.025,10682,0,0,0.10213443175435312,True
20,4,20,60,25,0.001,0,0,0.005,0.025,10428,0,0,0.10500575373993096,True
20,4,21,60,25,0.001,0,0,0.005,0.025,10185,0,0,0.10810014727540501,True
20,4,22,60,25,0.001,0,0,0.005,0.025,9959,0,0,0.11185862034340797,True
20,4,23,60,25,0.001,0,0,0.005,0.025,9705,0,0,0.11509531169500258,True
20,4,24,60,25,0.001,0,0,0.005,0.025,9425,0,0,0.11893899204244032,True
20,4,25,60,25,0.001,0,0,0.005,0.025,9205,0,0,0.12254209668658338,True
20,4,26,60,25,0.001,0,0,0.005,0.025,9009,0,0,0.12520812520812521,True
20,4,27,60,25,0.001,0,0,0.005,0.025,8849,0,0,0.12792405921573058,True
20,4,28,60,25,0.001,0,0,0.005,0.025,8660,0,0,0.1323325635103926,True
20,4,29,60,25,0.001,0,0,0.005,0.025,8501,0,0,0.13574873544288907,True
20,4,30,60,25,0.001,0,0,0.005,0.025,8337,0,0,0.1376994122586062,True
20,4,31,60,25,0.001,0,0,0.005,0.025,8157,0,0,0.14049282824567855,True
20,4,32,60,25,0.001,0,0,0.005,0.025,7960,0,0,0.14258793969849246,True
20,4,33,60,25,0.001,0,0,0.005,0.025,7777,0,0,0.14555741288414556,True
20,4,34,60,25,0.001,0,0,0.005,0.025,7616,0,0,0.1479779411764706,True
20,4,35,60,25,0.001,0,0,0.005,0.025,7457,0,0,0.15113316347056457,True
20,4,36,60,25,0.001,0,0,0.005,0.025,7292,0,0,0.15414152495885902,True
20,4,37,60,25,0.001,0,0,0.005,0.025,7150,0,0,0.15832167832167832,True
20,4,38,60,25,0.001,0,0,0.005,0.025,7041,0,0,0.1602045164039199,True
20,4,39,60,25,0.001,0,0,0.005,0.025,6921,0,0,0.16240427683860714,True
20,4,40,60,25,0.001,0,0,0.005,0.025,6829,0,0,0.1650314833797042,True
20,4,41,60,25,0.001,0,0,0.005,0.025,7324,0,0,0.2024849808847624,True
20,4,42,60,25,0.001,0,0,0.005,0.025,7291,0,0,0.20573309559731176,True
20,4,43,60,25,0.001,0,0,0.005,0.025,7184,0,0,0.20629175946547884,True
20,4,44,60,25,0.001,0,0,0.005,0.025,7165,0,0,0.20921144452198184,True
20,4,45,60,25,0.001,0,0,0.005,0.025,7096,0,0,0.21195039458850057,True
20,4,46,60,25,0.001,0,0,0.005,0.025,6803,0,0,0.1969719241511098,True
20,4,47,60,25,0.001,0,0,0.005,0.025,6706,0,0,0.1965404115717268,True
20,4,48,60,25,0.001,0,0,0.005,0.025,6616,0,0,0.19951632406287786,True
20,4,49,60,25,0.001,0,0,0.005,0.025,6519,0,0,0.2018714526767909,True
20,4,50,60,25,0.001,0,0,0.005,0.025,6449,0,0,0.20468289657311212,True
20,4,51,60,25,0.001,0,0,0.005,0.025,6374,0,0,0.20583620960150611,True
20,4,52,60,25,0.001,0,0,0.005,0.025,6310,0,0,0.20887480190174326,True
20,5,1,60,25,0.001,0,0,0.005,0.025,6193,0,0,0.20959147424511546,True
20,5,2,60,25,0.001,0,0,0.005,0.025,6117,0,0,0.2125224783390551,True
20,5,3,60,25,0.001,0,0,0.005,0.025,6033,0,0,0.21564727333001824,True
20,5,4,60,25,0.001,0,0,0.005,0.025,5960,0,0,0.21644295302013422,True
20,5,5,60,25,0.001,0,0,0.005,0.025,5909,0,0,0.21915721780335082,True
20,5,6,60,25,0.001,0,0,0.005,0.025,5857,0,0,0.22144442547379203,True
20,5,7,60,25,0.001,0,0,0.005,0.025,5774,0,0,0.22618635261517145,True
20,5,8,60,25,0.001,0,0,0.005,0.025,5712,0,0,0.2267156862745098,True
20,5,9,60,25,0.001,0,0,0.005,0.025,5659,0,0,0.2286623078282382,True
20,5,10,60,25,0.001,0,0,0.005,0.025,5562,0,0,0.23031283710895362,True
20,5,11,60,25,0.001,0,0,0.005,0.025,5502,0,0,0.23446019629225737,True
20,5,12,60,25,0.001,0,0,0.005,0.025,5430,0,0,0.23646408839779007,True
20,5,13,60,25,0.001,0,0,0.005,0.025,5365,0,0,0.23988816402609506,True
20,5,14,60,25,0.001,0,0,0.005,0.025,5322,0,0,0.24182638105975196,True
20,5,15,60,25,0.001,0,0,0.005,0.025,5277,0,0,0.24407807466363465,True
20,5,16,60,25,0.001,0,0,0.005,0.025,5219,0,0,0.2467905729066871,True
20,5,17,60,25,0.001,0,0,0.005,0.025,5138,0,0,0.24795640326975477,True
20,5,18,60,25,0.001,0,0,0.005,0.025,11707,0,0,0.11053216024600666,True
20,5,19,60,25,0.001,0,0,0.005,0.025,11454,0,0,0.11271171643094116,True
20,5,20,60,25,0.001,0,0,0.005,0.025,11179,0,0,0.11637892476965739,True
20,5,21,60,25,0.001,0,0,0.005,0.025,10903,0,0,0.11932495643400899,True
20,5,22,60,25,0.001,0,0,0.005,0.025,10652,0,0,0.1222305670296658,True
20,5,23,60,25,0.001,0,0,0.005,0.025,10385,0,0,0.125565719788156,True
20,5,24,60,25,0.001,0,0,0.005,0.025,10123,0,0,0.12930949323323127,True
20,5,25,60,25,0.001,0,0,0.005,0.025,9848,0,0,0.1323111291632819,True
20,5,26,60,25,0.001,0,0,0.005,0.025,9625,0,0,0.13537662337662337,True
20,5,27,60,25,0.001,0,0,0.005,0.025,9387,0,0,0.13891552146585703,True
20,5,28,60,25,0.001,0,0,0.005,0.025,9151,0,0,0.14217025461698174,True
20,5,29,60,25,0.001,0,0,0.005,0.025,8962,0,0,0.14483374246819905,True
20,5,30,60,25,0.001,0,0,0.005,0.025,8756,0,0,0.1477843764275925,True
20,5,31,60,25,0.001,0,0,0.005,0.025,8578,0,0,0.15015155047796688,True
20,5,32,60,25,0.001,0,0,0.005,0.025,8383,0,0,0.15340570201598472,True
20,5,33,60,25,0.001,0,0,0.005,0.025,8229,0,0,0.15591201847126018,True
20,5,34,60,25,0.001,0,0,0.005,0.025,8048,0,0,0.15929423459244532,True
20,5,35,60,25,0.001,0,0,0.005,0.025,7865,0,0,0.16261919898283533,True
20,5,36,60,25,0.001,0,0,0.005,0.025,7730,0,0,0.1650711513583441,True
20,5,37,60,25,0.001,0,0,0.005,0.025,7574,0,0,0.16728280961182995,True
20,5,38,60,25,0.001,0,0,0.005,0.025,7450,0,0,0.1697986577181208,True
20,5,39,60,25,0.001,0,0,0.005,0.025,7352,0,0,0.17178998911860718,True
20,5,40,60,25,0.001,0,0,0.005,0.025,7258,0,0,0.17470377514466795,True
20,5,41,60,25,0.001,0,0,0.005,0.025,7657,0,0,0.20673893169648688,True
20,5,42,60,25,0.001,0,0,0.005,0.025,7599,0,0,0.21002763521515988,True
20,5,43,60,25,0.001,0,0,0.005,0.025,7528,0,0,0.2113443145589798,True
20,5,44,60,25,0.001,0,0,0.005,0.025,7473,0,0,0.2127659574468085,True
20,5,45,60,25,0.001,0,0,0.005,0.025,7450,0,0,0.21838926174496645,True
20,5,46,60,25,0.001,0,0,0.005,0.025,7072,0,0,0.20149886877828055,True
20,5,47,60,25,0.001,0,0,0.005,0.025,6957,0,0,0.20051746442432083,True
20,5,48,60,25,0.001,0,0,0.005,0.025,6841,0,0,0.20099400672416312,True
20,5,49,60,25,0.001,0,0,0.005,0.025,6769,0,0,0.20357512187915497,True
20,5,50,60,25,0.001,0,0,0.005,0.025,6706,0,0,0.20533850283328361,True
20,5,51,60,25,0.001,0,0,0.005,0.025,6650,0,0,0.2069172932330827,True
20,5,52,60,25,0.001,0,0,0.005,0.025,6586,0,0,0.209383540844215,True
20,6,1,60,25,0.001,0,0,0.005,0.025,6499,0,0,0.21064779196799507,True
20,6,2,60,25,0.001,0,0,0.005,0.025,6417,0,0,0.21271622253389436,True
20,6,3,60,25,0.001,0,0,0.005,0.025,6334,0,0,0.2162930217871803,True
20,6,4,60,25,0.001,0,0,0.005,0.025,6251,0,0,0.21724524076147816,True
20,6,5,60,25,0.001,0,0,0.005,0.025,6175,0,0,0.21829959514170041,True
20,6,6,60,25,0.001,0,0,0.005,0.025,6090,0,0,0.22036124794745485,True
20,6,7,60,25,0.001,0,0,0.005,0.025,6016,0,0,0.22174202127659576,True
20,6,8,60,25,0.001,0,0,0.005,0.025,5925,0,0,0.22531645569620254,True
20,6,9,60,25,0.001,0,0,0.005,0.025,5842,0,0,0.2262923656282095,True
20,6,10,60,25,0.001,0,0,0.005,0.025,5774,0,0,0.22913058538275027,True
20,6,11,60,25,0.001,0,0,0.005,0.025,5708,0,0,0.22880168185003505,True
20,6,12,60,25,0.001,0,0,0.005,0.025,5630,0,0,0.23179396092362345,True
20,6,13,60,25,0.001,0,0,0.005,0.025,5551,0,0,0.2329310034228067,True
20,6,14,60,25,0.001,0,0,0.005,0.025,5486,0,0,0.23423259205249727,True
20,6,15,60,25,0.001,0,0,0.005,0.025,5413,0,0,0.23609828191391097,True
20,6,16,60,25,0.001,0,0,0.005,0.025,5354,0,0,0.23870003735524842,True
20,6,17,60,25,0.001,0,0,0.005,0.025,5273,0,0,0.2419874834060307,True
20,6,18,60,25,0.001,0,0,0.005,0.025,11656,0,0,0.11032944406314345,True
20,6,19,60,25,0.001,0,0,0.005,0.025,11464,0,0,0.11287508722958828,True
20,6,20,60,25,0.001,0,0,0.005,0.025,11209,0,0,0.11642430190025872,True
20,6,21,60,25,0.001,0,0,0.005,0.025,10963,0,0,0.11949283955121773,True
20,6,22,60,25,0.001,0,0,0.005,0.025,10692,0,0,0.12224092779648335,True
20,6,23,60,25,0.001,0,0,0.005,0.025,10473,0,0,0.12546548266972216,True
20,6,24,60,25,0.001,0,0,0.005,0.025,10239,0,0,0.1291141713057916,True
20,6,25,60,25,0.001,0,0,0.005,0.025,10017,0,0,0.13257462314066087,True
20,6,26,60,25,0.001,0,0,0.005,0.025,9794,0,0,0.13702266693894222,True
20,6,27,60,25,0.001,0,0,0.005,0.025,9536,0,0,0.14031040268456377,True
20,6,28,60,25,0.001,0,0,0.005,0.025,9319,0,0,0.14314840648138213,True
20,6,29,60,25,0.001,0,0,0.005,0.025,9080,0,0,0.1458149779735683,True
20,6,30,60,25,0.001,0,0,0.005,0.025,8856,0,0,0.14893857271906052,True
20,6,31,60,25,0.001,0,0,0.005,0.025,8647,0,0,0.151728923326009,True
20,6,32,60,25,0.001,0,0,0.005,0.025,8452,0,0,0.15475627070515854,True
20,6,33,60,25,0.001,0,0,0.005,0.025,8240,0,0,0.15898058252427186,True
20,6,34,60,25,0.001,0,0,0.005,0.025,8028,0,0,0.161310413552566,True
20,6,35,60,25,0.001,0,0,0.005,0.025,7850,0,0,0.16471337579617834,True
20,6,36,60,25,0.001,0,0,0.005,0.025,7643,0,0,0.1674735051681277,True
20,6,37,60,25,0.001,0,0,0.005,0.025,7450,0,0,0.17181208053691274,True
20,6,38,60,25,0.001,0,0,0.005,0.025,7361,0,0,0.17484037494905583,True
20,6,39,60,25,0.001,0,0,0.005,0.025,7266,0,0,0.17685108725571153,True
20,6,40,60,25,0.001,0,0,0.005,0.025,7153,0,0,0.17992450719977632,True
20,6,41,60,25,0.001,0,0,0.005,0.025,7535,0,0,0.2079628400796284,True
20,6,42,60,25,0.001,0,0,0.005,0.025,7460,0,0,0.2126005361930295,True
20,6,43,60,25,0.001,0,0,0.005,0.025,7410,0,0,0.2153846153846154,True
20,6,44,60,25,0.001,0,0,0.005,0.025,7335,0,0,0.21758691206543967,True
20,6,45,60,25,0.001,0,0,0.005,0.025,7270,0,0,0.21966987620357634,True
20,6,46,60,25,0.001,0,0,0.005,0.025,6951,0,0,0.2061573874262696,True
20,6,47,60,25,0.001,0,0,0.005,0.025,6840,0,0,0.20482456140350877,True
20,6,48,60,25,0.001,0,0,0.005,0.025,6766,0,0,0.20765592669228494,True
20,6,49,60,25,0.001,0,0,0.005,0.025,6675,0,0,0.20853932584269663,True
20,6,50,60,25,0.001,0,0,0.005,0.025,6595,0,0,0.21091736163760424,True
20,6,51,60,25,0.001,0,0,0.005,0.025,6512,0,0,0.21237714987714987,True
20,6,52,60,25,0.001,0,0,0.005,0.025,6434,0,0,0.2143301212309605,True
20,7,1,60,25,0.001,0,0,0.005,0.025,6360,0,0,0.2158805031446541,True
20,7,2,60,25,0.001,0,0,0.005,0.025,6285,0,0,0.2184566428003182,True
20,7,3,60,25,0.001,0,0,0.005,0.025,6218,0,0,0.22177549051141845,True
20,7,4,60,25,0.001,0,0,0.005,0.025,6135,0,0,0.22314588427057866,True
20,7,5,60,25,0.001,0,0,0.005,0.025,6052,0,0,0.22769332452081956,True
20,7,6,60,25,0.001,0,0,0.005,0.025,5972,0,0,0.2290689886135298,True
20,7,7,60,25,0.001,0,0,0.005,0.025,5914,0,0,0.23182279337166048,True
20,7,8,60,25,0.001,0,0,0.005,0.025,5835,0,0,0.23307626392459296,True
20,7,9,60,25,0.001,0,0,0.005,0.025,5752,0,0,0.23504867872044508,True
20,7,10,60,25,0.001,0,0,0.005,0.025,5677,0,0,0.23727320768011273,True
20,7,11,60,25,0.001,0,0,0.005,0.025,5632,0,0,0.23899147727272727,True
20,7,12,60,25,0.001,0,0,0.005,0.025,5550,0,0,0.24162162162162162,True
20,7,13,60,25,0.001,0,0,0.005,0.025,5498,0,0,0.2439068752273554,True
20,7,14,60,25,0.001,0,0,0.005,0.025,5426,0,0,0.2464061924069296,True
20,7,15,60,25,0.001,0,0,0.005,0.025,5365,0,0,0.24753028890959924,True
20,7,16,60,25,0.001,0,0,0.005,0.025,5320,0,0,0.25206766917293233,True
20,7,17,60,25,0.001,0,0,0.005,0.025,5245,0,0,0.25319351763584363,True
20,7,18,60,25,0.001,0,0,0.005,0.025,11798,0,0,0.11374809289710121,True
20,7,19,60,25,0.001,0,0,0.005,0.025,11563,0,0,0.1170976390210153,True
20,7,20,60,25,0.001,0,0,0.005,0.025,11291,0,0,0.12062704809140024,True
20,7,21,60,25,0.001,0,0,0.005,0.025,11048,0,0,0.12328023171614771,True
20,7,22,60,25,0.001,0,0,0.005,0.025,10777,0,0,0.12721536605734435,True
20,7,23,60,25,0.001,0,0,0.005,0.025,10514,0,0,0.13134867795320526,True
20,7,24,60,25,0.001,0,0,0.005,0.025,10285,0,0,0.13368983957219252,True
20,7,25,60,25,0.001,0,0,0.005,0.025,10056,0,0,0.13693317422434367,True
20,7,26,60,25,0.001,0,0,0.005,0.025,9842,0,0,0.13991058727900832,True
20,7,27,60,25,0.001,0,0,0.005,0.025,9624,0,0,0.14256026600166252,True
20,7,28,60,25,0.001,0,0,0.005,0.025,9426,0,0,0.1460852959898154,True
20,7,29,60,25,0.001,0,0,0.005,0.025,9228,0,0,0.14889466840052015,True
20,7,30,60,25,0.001,0,0,0.005,0.025,9048,0,0,0.15285145888594165,True
20,7,31,60,25,0.001,0,0,0.005,0.025,8859,0,0,0.15498363246416075,True
20,7,32,60,25,0.001,0,0,0.005,0.025,8701,0,0,0.15802781289506954,True
20,7,33,60,25,0.001,0,0,0.005,0.025,8530,0,0,0.1596717467760844,True
20,7,34,60,25,0.001,0,0,0.005,0.025,8327,0,0,0.1641647652215684,True
20,7,35,60,25,0.001,0,0,0.005,0.025,8144,0,0,0.16711689587426326,True
20,7,36,60,25,0.001,0,0,0.005,0.025,7969,0,0,0.17103777136403564,True
20,7,37,60,25,0.001,0,0,0.005,0.025,7798,0,0,0.1744036932546807,True
20,7,38,60,25,0.001,0,0,0.005,0.025,7671,0,0,0.17611784643462391,True
20,7,39,60,25,0.001,0,0,0.005,0.025,7545,0,0,0.17945659377070908,True
20,7,40,60,25,0.001,0,0,0.005,0.025,7415,0,0,0.1827376938637896,True
20,7,41,60,25,0.001,0,0,0.005,0.025,7781,0,0,0.21616758771366149,True
20,7,42,60,25,0.001,0,0,0.005,0.025,7722,0,0,0.22066822066822067,True
20,7,43,60,25,0.001,0,0,0.005,0.025,7633,0,0,0.2223241189571597,True
20,7,44,60,25,0.001,0,0,0.005,0.025,7560,0,0,0.22328042328042327,True
20,7,45,60,25,0.001,0,0,0.005,0.025,7513,0,0,0.22387861040862506,True
20,7,46,60,25,0.001,0,0,0.005,0.025,7155,0,0,0.21118099231306778,True
20,7,47,60,25,0.001,0,0,0.005,0.025,7041,0,0,0.20891918761539555,True
20,7,48,60,25,0.001,0,0,0.005,0.025,6940,0,0,0.2106628242074928,True
20,7,49,60,25,0.001,0,0,0.005,0.025,6863,0,0,0.2120064111904415,True
20,7,50,60,25,0.001,0,0,0.005,0.025,6801,0,0,0.21467431260108807,True
20,7,51,60,25,0.001,0,0,0.005,0.025,6731,0,0,0.21452978755014113,True
20,7,52,60,25,0.001,0,0,0.005,0.025,6663,0,0,0.21927059882935615,True
20,8,1,60,25,0.001,0,0,0.005,0.025,6574,0,0,0.2220870094310922,True
20,8,2,60,25,0.001,0,0,0.005,0.025,6508,0,0,0.2238783036263061,True
20,8,3,60,25,0.001,0,0,0.005,0.025,6442,0,0,0.2274138466314809,True
20,8,4,60,25,0.001,0,0,0.005,0.025,6351,0,0,0.22988505747126436,True
20,8,5,60,25,0.001,0,0,0.005,0.025,6285,0,0,0.23198090692124104,True
20,8,6,60,25,0.001,0,0,0.005,0.025,6191,0,0,0.23518010014537233,True
20,8,7,60,25,0.001,0,0,0.005,0.025,6125,0,0,0.23722448979591837,True
20,8,8,60,25,0.001,0,0,0.005,0.025,6045,0,0,0.23986765922249792,True
20,8,9,60,25,0.001,0,0,0.005,0.025,5969,0,0,0.2444295526888926,True
20,8,10,60,25,0.001,0,0,0.005,0.025,5890,0,0,0.24787775891341257,True
20,8,11,60,25,0.001,0,0,0.005,0.025,5815,0,0,0.2500429922613929,True
20,8,12,60,25,0.001,0,0,0.005,0.025,5743,0,0,0.2531777816472227,True
20,8,13,60,25,0.001,0,0,0.005,0.025,5677,0,0,0.25594504139510305,True
20,8,14,60,25,0.001,0,0,0.005,0.025,5609,0,0,0.25779996434302016,True
20,8,15,60,25,0.001,0,0,0.005,0.025,5549,0,0,0.26076770589295367,True
20,8,16,60,25,0.001,0,0,0.005,0.025,5485,0,0,0.2636280765724704,True
20,8,17,60,25,0.001,0,0,0.005,0.025,5416,0,0,0.26717134416543575,True
20,8,18,60,25,0.001,0,0,0.005,0.025,11840,0,0,0.12339527027027027,True
20,8,19,60,25,0.001,0,0,0.005,0.025,11621,0,0,0.1258067291971431,True
20,8,20,60,25,0.001,0,0,0.005,0.025,11342,0,0,0.12898959619114794,True
20,8,21,60,25,0.001,0,0,0.005,0.025,11065,0,0,0.13230908269317668,True
20,8,22,60,25,0.001,0,0,0.005,0.025,10857,0,0,0.13548862485032698,True
20,8,23,60,25,0.001,0,0,0.005,0.025,10614,0,0,0.13840211042019973,True
20,8,24,60,25,0.001,0,0,0.005,0.025,10397,0,0,0.14052130422237183,True
20,8,25,60,25,0.001,0,0,0.005,0.025,10214,0,0,0.14431172899941258,True
20,8,26,60,25,0.001,0,0,0.005,0.025,10020,0,0,0.14760479041916166,True
20,8,27,60,25,0.001,0,0,0.005,0.025,9795,0,0,0.15160796324655437,True
20,8,28,60,25,0.001,0,0,0.005,0.025,9596,0,0,0.15641934139224678,True
20,8,29,60,25,0.001,0,0,0.005,0.025,9411,0,0,0.1602380193390713,True
20,8,30,60,25,0.001,0,0,0.005,0.025,9241,0,0,0.1636186559896115,True
20,8,31,60,25,0.001,0,0,0.005,0.025,9047,0,0,0.1663534873438709,True
20,8,32,60,25,0.001,0,0,0.005,0.025,8862,0,0,0.16768223877228616,True
20,8,33,60,25,0.001,0,0,0.005,0.025,8663,0,0,0.17245757820616414,True
20,8,34,60,25,0.001,0,0,0.005,0.025,8540,0,0,0.17517564402810304,True
20,8,35,60,25,0.001,0,0,0.005,0.025,8383,0,0,0.17845639985685316,True
20,8,36,60,25,0.001,0,0,0.005,0.025,8237,0,0,0.18174092509408765,True
20,8,37,60,25,0.001,0,0,0.005,0.025,8069,0,0,0.18366588176973603,True
20,8,38,60,25,0.001,0,0,0.005,0.025,7976,0,0,0.18543129388164495,True
20,8,39,60,25,0.001,0,0,0.005,0.025,7863,0,0,0.1877146127432278,True
20,8,40,60,25,0.001,0,0,0.005,0.025,7747,0,0,0.19078352910804183,True
20,8,41,60,25,0.001,0,0,0.005,0.025,8197,0,0,0.22264243015737464,True
20,8,42,60,25,0.001,0,0,0.005,0.025,8137,0,0,0.22194912129777558,True
20,8,43,60,25,0.001,0,0,0.005,0.025,8053,0,0,0.22687197317769775,True
20,8,44,60,25,0.001,0,0,0.005,0.025,7961,0,0,0.22798643386509232,True
20,8,45,60,25,0.001,0,0,0.005,0.025,7895,0,0,0.23204559848005066,True
20,8,46,60,25,0.001,0,0,0.005,0.025,7524,0,0,0.2179691653375864,True
20,8,47,60,25,0.001,0,0,0.005,0.025,7360,0,0,0.2169836956521739,True
20,8,48,60,25,0.001,0,0,0.005,0.025,7281,0,0,0.21906331547864305,True
20,8,49,60,25,0.001,0,0,0.005,0.025,7204,0,0,0.2227928928373126,True
20,8,50,60,25,0.001,0,0,0.005,0.025,7117,0,0,0.22495433469158355,True
20,8,51,60,25,0.001,0,0,0.005,0.025,7036,0,0,0.22626492325184763,True
20,8,52,60,25,0.001,0,0,0.005,0.025,6950,0,0,0.23007194244604318,True
20,9,1,60,25,0.001,0,0,0.005,0.025,6880,0,0,0.23081395348837208,True
20,9,2,60,25,0.001,0,0,0.005,0.025,6821,0,0,0.23310365049113033,True
20,9,3,60,25,0.001,0,0,0.005,0.025,6729,0,0,0.23688512408976073,True
20,9,4,60,25,0.001,0,0,0.005,0.025,6638,0,0,0.23877673998192225,True
20,9,5,60,25,0.001,0,0,0.005,0.025,6559,0,0,0.2405854550998628,True
20,9,6,60,25,0.001,0,0,0.005,0.025,6473,0,0,0.24316391163293682,True
20,9,7,60,25,0.001,0,0,0.005,0.025,6415,0,0,0.2436477007014809,True
20,9,8,60,25,0.001,0,0,0.005,0.025,6329,0,0,0.24680044240796334,True
20,9,9,60,25,0.001,0,0,0.005,0.025,6257,0,0,0.24948058174844173,True
20,9,10,60,25,0.001,0,0,0.005,0.025,6196,0,0,0.25209812782440283,True
20,9,11,60,25,0.001,0,0,0.005,0.025,6105,0,0,0.2552006552006552,True
20,9,12,60,25,0.001,0,0,0.005,0.025,6040,0,0,0.25645695364238413,True
20,9,13,60,25,0.001,0,0,0.005,0.025,5969,0,0,0.25783213268554195,True
20,9,14,60,25,0.001,0,0,0.005,0.025,5889,0,0,0.25929699439633214,True
20,9,15,60,25,0.001,0,0,0.005,0.025,5815,0,0,0.26156491831470335,True
20,9,16,60,25,0.001,0,0,0.005,0.025,5740,0,0,0.26306620209059234,True
20,9,17,60,25,0.001,0,0,0.005,0.025,5671,0,0,0.26432727913948156,True
20,9,18,60,25,0.001,0,0,0.005,0.025,11976,0,0,0.114562458249833,True
20,9,19,60,25,0.001,0,0,0.005,0.025,11772,0,0,0.11739721372748896,True
20,9,20,60,25,0.001,0,0,0.005,0.025,11541,0,0,0.11948704618317303,True
20,9,21,60,25,0.001,0,0,0.005,0.025,11286,0,0,0.12360446570972887,True
20,9,22,60,25,0.001,0,0,0.005,0.025,11074,0,0,0.12651255192342423,True
20,9,23,60,25,0.001,0,0,0.005,0.025,10801,0,0,0.13026571613739468,True
20,9,24,60,25,0.001,0,0,0.005,0.025,10561,0,0,0.13256320424202253,True
20,9,25,60,25,0.001,0,0,0.005,0.025,10354,0,0,0.13733822677226193,True
20,9,26,60,25,0.001,0,0,0.005,0.025,10168,0,0,0.13994885916601102,True
20,9,27,60,25,0.001,0,0,0.005,0.025,10002,0,0,0.14377124575084982,True
20,9,28,60,25,0.001,0,0,0.005,0.025,9793,0,0,0.14765648932911263,True
20,9,29,60,25,0.001,0,0,0.005,0.025,9576,0,0,0.15089807852965748,True
20,9,30,60,25,0.001,0,0,0.005,0.025,9383,0,0,0.1551742513055526,True
20,9,31,60,25,0.001,0,0,0.005,0.025,9192,0,0,0.15850739773716274,True
20,9,32,60,25,0.001,0,0,0.005,0.025,9011,0,0,0.1610254133836422,True
20,9,33,60,25,0.001,0,0,0.005,0.025,8805,0,0,0.16422487223168655,True
20,9,34,60,25,0.001,0,0,0.005,0.025,8648,0,0,0.1677844588344126,True
20,9,35,60,25,0.001,0,0,0.005,0.025,8471,0,0,0.17117223468303625,True
20,9,36,60,25,0.001,0,0,0.005,0.025,8321,0,0,0.1749789688739334,True
20,9,37,60,25,0.001,0,0,0.005,0.025,8167,0,0,0.17791110566915636,True
20,9,38,60,25,0.001,0,0,0.005,0.025,8042,0,0,0.17968167122606316,True
20,9,39,60,25,0.001,0,0,0.005,0.025,7925,0,0,0.18309148264984226,True
20,9,40,60,25,0.001,0,0,0.005,0.025,7794,0,0,0.18565563253784964,True
20,9,41,60,25,0.001,0,0,0.005,0.025,8202,0,0,0.21616678858814922,True
20,9,42,60,25,0.001,0,0,0.005,0.025,8184,0,0,0.22226295210166178,True
20,9,43,60,25,0.001,0,0,0.005,0.025,8096,0,0,0.22332015810276679,True
20,9,44,60,25,0.001,0,0,0.005,0.025,7987,0,0,0.22499060974082885,True
20,9,45,60,25,0.001,0,0,0.005,0.025,7963,0,0,0.22880823810121814,True
20,9,46,60,25,0.001,0,0,0.005,0.025,7648,0,0,0.21325836820083682,True
20,9,47,60,25,0.001,0,0,0.005,0.025,7520,0,0,0.2136968085106383,True
20,9,48,60,25,0.001,0,0,0.005,0.025,7444,0,0,0.21628156904889845,True
20,9,49,60,25,0.001,0,0,0.005,0.025,7351,0,0,0.21956196435859066,True
20,9,50,60,25,0.001,0,0,0.005,0.025,7243,0,0,0.2218693911362695,True
20,9,51,60,25,0.001,0,0,0.005,0.025,7161,0,0,0.22622538751571009,True
20,9,52,60,25,0.001,0,0,0.005,0.025,7071,0,0,0.2283976806675152,True
20,10,1,60,25,0.001,0,0,0.005,0.025,6997,0,0,0.23052736887237388,True
20,10,2,60,25,0.001,0,0,0.005,0.025,6913,0,0,0.2323159265152611,True
20,10,3,60,25,0.001,0,0,0.005,0.025,6837,0,0,0.2348983472283165,True
20,10,4,60,25,0.001,0,0,0.005,0.025,6756,0,0,0.23801065719360567,True
20,10,5,60,25,0.001,0,0,0.005,0.025,6675,0,0,0.24059925093632958,True
20,10,6,60,25,0.001,0,0,0.005,0.025,6609,0,0,0.24300196701467697,True
20,10,7,60,25,0.001,0,0,0.005,0.025,6545,0,0,0.24629488158899923,True
20,10,8,60,25,0.001,0,0,0.005,0.025,6462,0,0,0.24837511606313833,True
20,10,9,60,25,0.001,0,0,0.005,0.025,6392,0,0,0.2509386733416771,True
20,10,10,60,25,0.001,0,0,0.005,0.025,6313,0,0,0.2555045144939015,True
20,10,11,60,25,0.001,0,0,0.005,0.025,6242,0,0,0.25696892021787887,True
20,10,12,60,25,0.001,0,0,0.005,0.025,6179,0,0,0.2589415763068458,True
20,10,13,60,25,0.001,0,0,0.005,0.025,6106,0,0,0.2608909269570914,True
20,10,14,60,25,0.001,0,0,0.005,0.025,6040,0,0,0.2637417218543046,True
20,10,15,60,25,0.001,0,0,0.005,0.025,5974,0,0,0.2654837629728825,True
20,10,16,60,25,0.001,0,0,0.005,0.025,5909,0,0,0.26705026231172785,True
20,10,17,60,25,0.001,0,0,0.005,0.025,5835,0,0,0.269751499571551,True
20,10,18,60,25,0.001,0,0,0.005,0.025,12642,0,0,0.1187312134155988,True
20,10,19,60,25,0.001,0,0,0.005,0.025,12406,0,0,0.12131226825729485,True
20,10,20,60,25,0.001,0,0,0.005,0.025,12188,0,0,0.1251230718739744,True
20,10,21,60,25,0.001,0,0,0.005,0.025,11922,0,0,0.12850192920650896,True
20,10,22,60,25,0.001,0,0,0.005,0.025,11656,0,0,0.13126286890871655,True
20,10,23,60,25,0.001,0,0,0.005,0.025,11417,0,0,0.13462380660418674,True
20,10,24,60,25,0.001,0,0,0.005,0.025,11118,0,0,0.13815434430652995,True
20,10,25,60,25,0.001,0,0,0.005,0.025,10902,0,0,0.14217574756925336,True
20,10,26,60,25,0.001,0,0,0.005,0.025,10681,0,0,0.14511749836157664,True
20,10,27,60,25,0.001,0,0,0.005,0.025,10435,0,0,0.14892189746046958,True
20,10,28,60,25,0.001,0,0,0.005,0.025,10219,0,0,0.15197181720324884,True
20,10,29,60,25,0.001,0,0,0.005,0.025,10003,0,0,0.15525342397280817,True
20,10,30,60,25,0.001,0,0,0.005,0.025,9723,0,0,0.15828448009873497,True
20,10,31,60,25,0.001,0,0,0.005,0.025,9528,0,0,0.16173383711167086,True
20,10,32,60,25,0.001,0,0,0.005,0.025,9351,0,0,0.16468826863437067,True
20,10,33,60,25,0.001,0,0,0.005,0.025,9180,0,0,0.16786492374727668,True
20,10,34,60,25,0.001,0,0,0.005,0.025,9012,0,0,0.17066134043497558,True
20,10,35,60,25,0.001,0,0,0.005,0.025,8861,0,0,0.17345672046044464,True
20,10,36,60,25,0.001,0,0,0.005,0.025,8705,0,0,0.17564618035611718,True
20,10,37,60,25,0.001,0,0,0.005,0.025,8519,0,0,0.1780725437257894,True
20,10,38,60,25,0.001,0,0,0.005,0.025,8418,0,0,0.18199097172725112,True
20,10,39,60,25,0.001,0,0,0.005,0.025,8278,0,0,0.1843440444551824,True
20,10,40,60,25,0.001,0,0,0.005,0.025,8183,0,0,0.18746181107173407,True
20,10,41,60,25,0.001,0,0,0.005,0.025,8586,0,0,0.21651525739576055,True
20,10,42,60,25,0.001,0,0,0.005,0.025,8524,0,0,0.21984983575786016,True
20,10,43,60,25,0.001,0,0,0.005,0.025,8452,0,0,0.22444391859914814,True
20,10,44,60,25,0.001,0,0,0.005,0.025,8336,0,0,0.22348848368522073,True
20,10,45,60,25,0.001,0,0,0.005,0.025,8299,0,0,0.2291842390649476,True
20,10,46,60,25,0.001,0,0,0.005,0.025,7964,0,0,0.21672526368658965,True
20,10,47,60,25,0.001,0,0,0.005,0.025,7843,0,0,0.21649878872880277,True
20,10,48,60,25,0.001,0,0,0.005,0.025,7757,0,0,0.2182544798246745,True
20,10,49,60,25,0.001,0,0,0.005,0.025,7691,0,0,0.22129762059550123,True
20,10,50,60,25,0.001,0,0,0.005,0.025,7616,0,0,0.22229516806722688,True
20,10,51,60,25,0.001,0,0,0.005,0.025,7519,0,0,0.22396595291927118,True
20,10,52,60,25,0.001,0,0,0.005,0.025,7432,0,0,0.2255113024757804,True
20,11,1,60,25,0.001,0,0,0.005,0.025,7363,0,0,0.22816786635882114,True
20,11,2,60,25,0.001,0,0,0.005,0.025,7307,0,0,0.2288216778431641,True
20,11,3,60,25,0.001,0,0,0.005,0.025,7228,0,0,0.2327061427780852,True
20,11,4,60,25,0.001,0,0,0.005,0.025,7131,0,0,0.23615201234048522,True
20,11,5,60,25,0.001,0,0,0.005,0.025,7051,0,0,0.23911501914622038,True
20,11,6,60,25,0.001,0,0,0.005,0.025,6956,0,0,0.24194939620471537,True
20,11,7,60,25,0.001,0,0,0.005,0.025,6875,0,0,0.24392727272727271,True
20,11,8,60,25,0.001,0,0,0.005,0.025,6782,0,0,0.2462400471837216,True
20,11,9,60,25,0.001,0,0,0.005,0.025,6707,0,0,0.24794990308632772,True
20,11,10,60,25,0.001,0,0,0.005,0.025,6609,0,0,0.25041609925858677,True
20,11,11,60,25,0.001,0,0,0.005,0.025,6532,0,0,0.25290875688916103,True
20,11,12,60,25,0.001,0,0,0.005,0.025,6471,0,0,0.25622005872353576,True
20,11,13,60,25,0.001,0,0,0.005,0.025,6393,0,0,0.2579383700922884,True
20,11,14,60,25,0.001,0,0,0.005,0.025,6318,0,0,0.26005064893953783,True
20,11,15,60,25,0.001,0,0,0.005,0.025,6247,0,0,0.26220585881222985,True
20,11,16,60,25,0.001,0,0,0.005,0.025,6179,0,0,0.2654151157145169,True
20,11,17,60,25,0.001,0,0,0.005,0.025,6115,0,0,0.2686835650040883,True
20,11,18,60,25,0.001,0,0,0.005,0.025,13075,0,0,0.11808795411089866,True
20,11,19,60,25,0.001,0,0,0.005,0.025,12853,0,0,0.12191706216447522,True
20,11,20,60,25,0.001,0,0,0.005,0.025,12590,0,0,0.1243844320889595,True
20,11,21,60,25,0.001,0,0,0.005,0.025,12318,0,0,0.12786166585484657,True
20,11,22,60,25,0.001,0,0,0.005,0.025,12083,0,0,0.13101051063477615,True
20,11,23,60,25,0.001,0,0,0.005,0.025,11805,0,0,0.13443456162642947,True
20,11,24,60,25,0.001,0,0,0.005,0.025,11558,0,0,0.13782661360096904,True
20,11,25,60,25,0.001,0,0,0.005,0.025,11280,0,0,0.14131205673758865,True
20,11,26,60,25,0.001,0,0,0.005,0.025,11057,0,0,0.14506647372705073,True
20,11,27,60,25,0.001,0,0,0.005,0.025,10791,0,0,0.14817903808729496,True
20,11,28,60,25,0.001,0,0,0.005,0.025,10562,0,0,0.15129710282143533,True
20,11,29,60,25,0.001,0,0,0.005,0.025,10366,0,0,0.1542542928805711,True
20,11,30,60,25,0.001,0,0,0.005,0.025,10171,0,0,0.15681840526988497,True
20,11,31,60,25,0.001,0,0,0.005,0.025,9978,0,0,0.16005211465223493,True
20,11,32,60,25,0.001,0,0,0.005,0.025,9766,0,0,0.16383370878558262,True
20,11,33,60,25,0.001,0,0,0.005,0.025,9565,0,0,0.16633559853633037,True
20,11,34,60,25,0.001,0,0,0.005,0.025,9393,0,0,0.17033961460662195,True
20,11,35,60,25,0.001,0,0,0.005,0.025,9215,0,0,0.1735214324470971,True
20,11,36,60,25,0.001,0,0,0.005,0.025,9006,0,0,0.17621585609593604,True
20,11,37,60,25,0.001,0,0,0.005,0.025,8800,0,0,0.1794318181818182,True
20,11,38,60,25,0.001,0,0,0.005,0.025,8664,0,0,0.18259464450600185,True
20,11,39,60,25,0.001,0,0,0.005,0.025,8540,0,0,0.18583138173302108,True
20,11,40,60,25,0.001,0,0,0.005,0.025,8417,0,0,0.18985386717357727,True
20,11,41,60,25,0.001,0,0,0.005,0.025,8814,0,0,0.21704107102337192,True
20,11,42,60,25,0.001,0,0,0.005,0.025,8722,0,0,0.22208209126347167,True
20,11,43,60,25,0.001,0,0,0.005,0.025,8609,0,0,0.22371936345684748,True
20,11,44,60,25,0.001,0,0,0.005,0.025,8525,0,0,0.22592375366568915,True
20,11,45,60,25,0.001,0,0,0.005,0.025,8483,0,0,0.22951785924790757,True
20,11,46,60,25,0.001,0,0,0.005,0.025,8159,0,0,0.21853168280426521,True
20,11,47,60,25,0.001,0,0,0.005,0.025,8062,0,0,0.21806003473083602,True
20,11,48,60,25,0.001,0,0,0.005,0.025,7980,0,0,0.2194235588972431,True
20,11,49,60,25,0.001,0,0,0.005,0.025,7923,0,0,0.22428373091000883,True
20,11,50,60,25,0.001,0,0,0.005,0.025,7841,0,0,0.22624665221272797,True
20,11,51,60,25,0.001,0,0,0.005,0.025,7763,0,0,0.2290351668169522,True
20,11,52,60,25,0.001,0,0,0.005,0.025,7681,0,0,0.23239161567504232,True
