rep,year,week,sero,disease,rate,type,total_pop,n_infected,n_symptomatic,actual_sero,elim
37,1,1,0.4,0.015,0.5,propagule,2688,0,0,0.3872767857142857,True
37,1,2,0.4,0.015,0.5,propagule,2663,0,0,0.3897859556890725,True
37,1,3,0.4,0.015,0.5,propagule,2609,0,0,0.38903794557301646,True
37,1,4,0.4,0.015,0.5,propagule,2582,0,0,0.3911696359411309,True
37,1,5,0.4,0.015,0.5,propagule,2544,0,0,0.3958333333333333,True
37,1,6,0.4,0.015,0.5,propagule,2512,0,0,0.39570063694267515,True
37,1,7,0.4,0.015,0.5,propagule,2475,0,0,0.3991919191919192,True
37,1,8,0.4,0.015,0.5,propagule,2459,0,0,0.4013826758845059,True
37,1,9,0.4,0.015,0.5,propagule,2445,0,0,0.40286298568507156,True
37,1,10,0.4,0.015,0.5,propagule,2435,0,0,0.40451745379876797,True
37,1,11,0.4,0.015,0.5,propagule,2414,0,0,0.40472245236122617,True
37,1,12,0.4,0.015,0.5,propagule,2392,0,0,0.407190635451505,True
37,1,13,0.4,0.015,0.5,propagule,2377,0,0,0.40681531342027766,True
37,1,14,0.4,0.015,0.5,propagule,2345,0,0,0.4072494669509595,True
37,1,15,0.4,0.015,0.5,propagule,2331,0,0,0.4088374088374088,True
37,1,16,0.4,0.015,0.5,propagule,2311,0,0,0.40848117697966246,True
37,1,17,0.4,0.015,0.5,propagule,2291,0,0,0.41030117852466175,True
37,1,18,0.4,0.015,0.5,propagule,6606,0,0,0.14259763851044505,True
37,1,19,0.4,0.015,0.5,propagule,6493,0,0,0.1460033882642846,True
37,1,20,0.4,0.015,0.5,propagule,6362,0,0,0.14822382898459605,True
37,1,21,0.4,0.015,0.5,propagule,6255,0,0,0.15091926458832933,True
37,1,22,0.4,0.015,0.5,propagule,6136,0,0,0.1536831812255541,True
37,1,23,0.4,0.015,0.5,propagule,6032,0,0,0.15533819628647214,True
37,1,24,0.4,0.015,0.5,propagule,5903,0,0,0.15957987464001355,True
37,1,25,0.4,0.015,0.5,propagule,5834,0,0,0.16146726088447036,True
37,1,26,0.4,0.015,0.5,propagule,5757,0,0,0.1641479937467431,True
37,1,27,0.4,0.015,0.5,propagule,5630,0,0,0.16660746003552399,True
37,1,28,0.4,0.015,0.5,propagule,5532,0,0,0.16901663051337673,True
37,1,29,0.4,0.015,0.5,propagule,5422,0,0,0.17244559203246035,True
37,1,30,0.4,0.015,0.5,propagule,5310,0,0,0.17645951035781543,True
37,1,31,0.4,0.015,0.5,propagule,5230,0,0,0.17915869980879542,True
37,1,32,0.4,0.015,0.5,propagule,5116,0,0,0.18080531665363564,True
37,1,33,0.4,0.015,0.5,propagule,5022,0,0,0.1821983273596177,True
37,1,34,0.4,0.015,0.5,propagule,4927,0,0,0.18469656992084432,True
37,1,35,0.4,0.015,0.5,propagule,4780,0,0,0.39456066945606694,True
37,1,36,0.4,0.015,0.5,propagule,4687,0,0,0.39790911030509923,True
37,1,37,0.4,0.015,0.5,propagule,4612,0,0,0.3987424111014744,True
37,1,38,0.4,0.015,0.5,propagule,4550,0,0,0.3995604395604396,True
37,1,39,0.4,0.015,0.5,propagule,4493,0,0,0.4006231916314267,True
37,1,40,0.4,0.015,0.5,propagule,4438,0,0,0.40153222172149616,True
37,1,41,0.4,0.015,0.5,propagule,4422,0,0,0.40366350067842605,True
37,1,42,0.4,0.015,0.5,propagule,4410,0,0,0.40793650793650793,True
37,1,43,0.4,0.015,0.5,propagule,4377,0,0,0.4062143020333562,True
37,1,44,0.4,0.015,0.5,propagule,4352,0,0,0.40808823529411764,True
37,1,45,0.4,0.015,0.5,propagule,4341,0,0,0.4093526837134301,True
37,1,46,0.4,0.015,0.5,propagule,4295,0,0,0.410011641443539,True
37,1,47,0.4,0.015,0.5,propagule,4265,0,0,0.41242672919109025,True
37,1,48,0.4,0.015,0.5,propagule,4244,0,0,0.4125824693685203,True
37,1,49,0.4,0.015,0.5,propagule,4196,0,0,0.4156339370829361,True
37,1,50,0.4,0.015,0.5,propagule,4171,0,0,0.4164468952289619,True
37,1,51,0.4,0.015,0.5,propagule,4144,0,0,0.4194015444015444,True
37,1,52,0.4,0.015,0.5,propagule,4096,0,0,0.419189453125,True
37,2,1,0.4,0.015,0.5,propagule,4046,8,0,0.4209095402867029,False
37,2,2,0.4,0.015,0.5,propagule,3994,8,0,0.42338507761642463,False
37,2,3,0.4,0.015,0.5,propagule,3955,8,3,0.425031605562579,False
37,2,4,0.4,0.015,0.5,propagule,3920,15,7,0.42806122448979594,False
37,2,5,0.4,0.015,0.5,propagule,3875,18,6,0.4276129032258065,False
37,2,6,0.4,0.015,0.5,propagule,3829,15,5,0.43144424131627057,False
37,2,7,0.4,0.015,0.5,propagule,3791,16,5,0.43286731733051964,False
37,2,8,0.4,0.015,0.5,propagule,3737,16,8,0.4337704040674338,False
37,2,9,0.4,0.015,0.5,propagule,3693,16,9,0.4354183590576767,False
37,2,10,0.4,0.015,0.5,propagule,3637,15,7,0.4371734946384383,False
37,2,11,0.4,0.015,0.5,propagule,3606,15,8,0.4367720465890183,False
37,2,12,0.4,0.015,0.5,propagule,3555,11,6,0.4371308016877637,False
37,2,13,0.4,0.015,0.5,propagule,3522,9,3,0.4395229982964225,False
37,2,14,0.4,0.015,0.5,propagule,3481,13,5,0.4403906923297903,False
37,2,15,0.4,0.015,0.5,propagule,3444,14,6,0.4416376306620209,False
37,2,16,0.4,0.015,0.5,propagule,3399,15,4,0.44454251250367754,False
37,2,17,0.4,0.015,0.5,propagule,3363,17,4,0.44543562295569433,False
37,2,18,0.4,0.015,0.5,propagule,5923,21,5,0.25122404187067365,False
37,2,19,0.4,0.015,0.5,propagule,5851,32,8,0.2532900358913006,False
37,2,20,0.4,0.015,0.5,propagule,5747,34,10,0.25613363493996866,False
37,2,21,0.4,0.015,0.5,propagule,5630,30,14,0.2605683836589698,False
37,2,22,0.4,0.015,0.5,propagule,5536,41,12,0.26445086705202314,False
37,2,23,0.4,0.015,0.5,propagule,5446,37,11,0.2666177010650018,False
37,2,24,0.4,0.015,0.5,propagule,5373,47,20,0.26800670016750416,False
37,2,25,0.4,0.015,0.5,propagule,5235,49,18,0.2743075453677173,False
37,2,26,0.4,0.015,0.5,propagule,5110,44,12,0.2790606653620352,False
37,2,27,0.4,0.015,0.5,propagule,5005,45,14,0.2827172827172827,False
37,2,28,0.4,0.015,0.5,propagule,4893,53,20,0.2857142857142857,False
37,2,29,0.4,0.015,0.5,propagule,4804,50,22,0.28996669442131556,False
37,2,30,0.4,0.015,0.5,propagule,4698,41,18,0.29289059174116644,False
37,2,31,0.4,0.015,0.5,propagule,4599,36,16,0.2974559686888454,False
37,2,32,0.4,0.015,0.5,propagule,4544,36,13,0.301056338028169,False
37,2,33,0.4,0.015,0.5,propagule,4427,31,15,0.3053986898576914,False
37,2,34,0.4,0.015,0.5,propagule,4339,30,15,0.3097487900437889,False
37,2,35,0.4,0.015,0.5,propagule,4236,25,11,0.5094428706326724,False
37,2,36,0.4,0.015,0.5,propagule,4143,26,8,0.5121892348539705,False
37,2,37,0.4,0.015,0.5,propagule,4044,29,6,0.516320474777448,False
37,2,38,0.4,0.015,0.5,propagule,3999,27,5,0.5161290322580645,False
37,2,39,0.4,0.015,0.5,propagule,3949,26,11,0.5165864775892631,False
37,2,40,0.4,0.015,0.5,propagule,3898,25,17,0.5189840944073884,False
37,2,41,0.4,0.015,0.5,propagule,3908,19,13,0.5250767656090072,False
37,2,42,0.4,0.015,0.5,propagule,3892,14,7,0.526207605344296,False
37,2,43,0.4,0.015,0.5,propagule,3884,12,2,0.5298661174047374,False
37,2,44,0.4,0.015,0.5,propagule,3844,10,2,0.5312174817898023,False
37,2,45,0.4,0.015,0.5,propagule,3855,10,6,0.5320363164721141,False
37,2,46,0.4,0.015,0.5,propagule,3818,12,6,0.532739654269251,False
37,2,47,0.4,0.015,0.5,propagule,3785,9,2,0.5363276089828269,False
37,2,48,0.4,0.015,0.5,propagule,3761,7,2,0.535229992023398,False
37,2,49,0.4,0.015,0.5,propagule,3736,9,4,0.5369379014989293,False
37,2,50,0.4,0.015,0.5,propagule,3707,12,3,0.536822228216887,False
37,2,51,0.4,0.015,0.5,propagule,3675,12,3,0.5379591836734694,False
37,2,52,0.4,0.015,0.5,propagule,3642,15,4,0.5384404173531027,False
37,3,1,0.4,0.015,0.5,propagule,3619,13,4,0.5399281569494335,False
37,3,2,0.4,0.015,0.5,propagule,3584,15,4,0.5424107142857143,False
37,3,3,0.4,0.015,0.5,propagule,3554,15,8,0.5450196961170513,False
37,3,4,0.4,0.015,0.5,propagule,3522,17,7,0.5465644520159001,False
37,3,5,0.4,0.015,0.5,propagule,3496,16,3,0.5480549199084668,False
37,3,6,0.4,0.015,0.5,propagule,3453,18,5,0.5502461627570229,False
37,3,7,0.4,0.015,0.5,propagule,3412,21,7,0.5507033997655334,False
37,3,8,0.4,0.015,0.5,propagule,3389,21,10,0.550604898200059,False
37,3,9,0.4,0.015,0.5,propagule,3352,21,10,0.5522076372315036,False
37,3,10,0.4,0.015,0.5,propagule,3313,20,7,0.5553878659824932,False
37,3,11,0.4,0.015,0.5,propagule,3274,19,5,0.5562003665241295,False
37,3,12,0.4,0.015,0.5,propagule,3251,18,7,0.556751768686558,False
37,3,13,0.4,0.015,0.5,propagule,3224,19,8,0.5576923076923077,False
37,3,14,0.4,0.015,0.5,propagule,3187,18,7,0.559774082208974,False
37,3,15,0.4,0.015,0.5,propagule,3152,17,8,0.5618654822335025,False
37,3,16,0.4,0.015,0.5,propagule,3118,16,9,0.5612572161642079,False
37,3,17,0.4,0.015,0.5,propagule,3084,13,5,0.5648508430609598,False
37,3,18,0.4,0.015,0.5,propagule,6757,12,3,0.2579547136303093,False
37,3,19,0.4,0.015,0.5,propagule,6670,24,6,0.25922038980509743,False
37,3,20,0.4,0.015,0.5,propagule,6524,30,6,0.2622624156958921,False
37,3,21,0.4,0.015,0.5,propagule,6370,33,7,0.26766091051805335,False
37,3,22,0.4,0.015,0.5,propagule,6280,37,10,0.27181528662420384,False
37,3,23,0.4,0.015,0.5,propagule,6162,36,16,0.27572216812723144,False
37,3,24,0.4,0.015,0.5,propagule,6032,43,15,0.27768567639257297,False
37,3,25,0.4,0.015,0.5,propagule,5882,38,13,0.28357701462087725,False
37,3,26,0.4,0.015,0.5,propagule,5743,39,19,0.2878286609785826,False
37,3,27,0.4,0.015,0.5,propagule,5604,40,20,0.291220556745182,False
37,3,28,0.4,0.015,0.5,propagule,5486,38,11,0.2963908129784907,False
37,3,29,0.4,0.015,0.5,propagule,5352,36,9,0.3008221225710015,False
37,3,30,0.4,0.015,0.5,propagule,5236,44,12,0.3017570664629488,False
37,3,31,0.4,0.015,0.5,propagule,5117,41,13,0.3072112565956615,False
37,3,32,0.4,0.015,0.5,propagule,4996,41,20,0.31164931945556446,False
37,3,33,0.4,0.015,0.5,propagule,4868,35,20,0.3163516844700082,False
37,3,34,0.4,0.015,0.5,propagule,4793,26,14,0.32192781139161275,False
37,3,35,0.4,0.015,0.5,propagule,4682,20,10,0.5019222554463905,False
37,3,36,0.4,0.015,0.5,propagule,4562,18,5,0.5046032441911442,False
37,3,37,0.4,0.015,0.5,propagule,4464,13,6,0.5076164874551972,False
37,3,38,0.4,0.015,0.5,propagule,4408,17,9,0.5090744101633394,False
37,3,39,0.4,0.015,0.5,propagule,4348,18,5,0.5112695492180312,False
37,3,40,0.4,0.015,0.5,propagule,4292,15,4,0.5130475302889096,False
37,3,41,0.4,0.015,0.5,propagule,4350,14,6,0.5144827586206897,False
37,3,42,0.4,0.015,0.5,propagule,4309,20,7,0.5200742631701091,False
37,3,43,0.4,0.015,0.5,propagule,4269,15,5,0.5249472944483485,False
37,3,44,0.4,0.015,0.5,propagule,4265,18,8,0.523094958968347,False
37,3,45,0.4,0.015,0.5,propagule,4250,17,7,0.5258823529411765,False
37,3,46,0.4,0.015,0.5,propagule,4192,16,4,0.5286259541984732,False
37,3,47,0.4,0.015,0.5,propagule,4200,17,8,0.5278571428571428,False
37,3,48,0.4,0.015,0.5,propagule,4166,18,8,0.5297647623619779,False
37,3,49,0.4,0.015,0.5,propagule,4114,15,4,0.5294117647058824,False
37,3,50,0.4,0.015,0.5,propagule,4071,20,5,0.5320560058953574,False
37,3,51,0.4,0.015,0.5,propagule,4037,19,5,0.5320782759474858,False
37,3,52,0.4,0.015,0.5,propagule,3982,24,7,0.5351582119537921,False
37,4,1,0.4,0.015,0.5,propagule,3929,25,6,0.5383049121913973,False
37,4,2,0.4,0.015,0.5,propagule,3892,22,13,0.539825282631038,False
37,4,3,0.4,0.015,0.5,propagule,3848,22,13,0.5418399168399168,False
37,4,4,0.4,0.015,0.5,propagule,3800,13,6,0.5452631578947369,False
37,4,5,0.4,0.015,0.5,propagule,3770,13,7,0.5464190981432361,False
37,4,6,0.4,0.015,0.5,propagule,3728,9,6,0.5490879828326181,False
37,4,7,0.4,0.015,0.5,propagule,3685,8,5,0.5514246947082768,False
37,4,8,0.4,0.015,0.5,propagule,3654,6,3,0.5539135194307608,False
37,4,9,0.4,0.015,0.5,propagule,3625,6,1,0.5528275862068965,False
37,4,10,0.4,0.015,0.5,propagule,3586,5,0,0.5568878973786949,False
37,4,11,0.4,0.015,0.5,propagule,3548,5,3,0.5594701240135288,False
37,4,12,0.4,0.015,0.5,propagule,3525,7,4,0.5614184397163121,False
37,4,13,0.4,0.015,0.5,propagule,3493,6,2,0.5639851130833095,False
37,4,14,0.4,0.015,0.5,propagule,3455,7,3,0.5626628075253256,False
37,4,15,0.4,0.015,0.5,propagule,3426,8,2,0.5668417980151781,False
37,4,16,0.4,0.015,0.5,propagule,3396,6,2,0.5683156654888104,False
37,4,17,0.4,0.015,0.5,propagule,3364,7,4,0.5689655172413793,False
37,4,18,0.4,0.015,0.5,propagule,6654,7,3,0.28779681394649836,False
37,4,19,0.4,0.015,0.5,propagule,6564,10,1,0.2894576477757465,False
37,4,20,0.4,0.015,0.5,propagule,6461,9,3,0.29221482742609506,False
37,4,21,0.4,0.015,0.5,propagule,6317,17,4,0.29634320088649674,False
37,4,22,0.4,0.015,0.5,propagule,6194,17,6,0.3009363900548918,False
37,4,23,0.4,0.015,0.5,propagule,6077,26,10,0.3022873128188251,False
37,4,24,0.4,0.015,0.5,propagule,5932,25,7,0.3052933243425489,False
37,4,25,0.4,0.015,0.5,propagule,5811,34,8,0.31027361899845124,False
37,4,26,0.4,0.015,0.5,propagule,5709,37,12,0.3137151865475565,False
37,4,27,0.4,0.015,0.5,propagule,5565,37,16,0.31734052111410604,False
37,4,28,0.4,0.015,0.5,propagule,5465,37,13,0.3200365965233303,False
37,4,29,0.4,0.015,0.5,propagule,5360,31,13,0.3218283582089552,False
37,4,30,0.4,0.015,0.5,propagule,5245,35,16,0.32469018112488085,False
37,4,31,0.4,0.015,0.5,propagule,5128,29,12,0.33151326053042124,False
37,4,32,0.4,0.015,0.5,propagule,5039,29,16,0.3332010319507839,False
37,4,33,0.4,0.015,0.5,propagule,4942,26,17,0.33630109267503033,False
37,4,34,0.4,0.015,0.5,propagule,4854,22,11,0.3403378656777915,False
37,4,35,0.4,0.015,0.5,propagule,4756,23,7,0.5256518082422204,False
37,4,36,0.4,0.015,0.5,propagule,4682,23,3,0.5273387441264417,False
37,4,37,0.4,0.015,0.5,propagule,4589,19,10,0.5290913052952713,False
37,4,38,0.4,0.015,0.5,propagule,4560,19,12,0.5300438596491228,False
37,4,39,0.4,0.015,0.5,propagule,4506,11,3,0.5319573901464714,False
37,4,40,0.4,0.015,0.5,propagule,4457,8,2,0.5337671079201256,False
37,4,41,0.4,0.015,0.5,propagule,4517,9,5,0.5384104494133274,False
37,4,42,0.4,0.015,0.5,propagule,4488,10,4,0.5389928698752228,False
37,4,43,0.4,0.015,0.5,propagule,4512,10,2,0.5387854609929078,False
37,4,44,0.4,0.015,0.5,propagule,4496,11,3,0.537144128113879,False
37,4,45,0.4,0.015,0.5,propagule,4459,10,3,0.5375644763399865,False
37,4,46,0.4,0.015,0.5,propagule,4376,9,3,0.5402193784277879,False
37,4,47,0.4,0.015,0.5,propagule,4342,8,3,0.5428374021188392,False
37,4,48,0.4,0.015,0.5,propagule,4344,6,3,0.5455801104972375,False
37,4,49,0.4,0.015,0.5,propagule,4318,8,5,0.5460861509958314,False
37,4,50,0.4,0.015,0.5,propagule,4289,8,3,0.5504779668920494,False
37,4,51,0.4,0.015,0.5,propagule,4247,5,1,0.550741700023546,False
37,4,52,0.4,0.015,0.5,propagule,4218,8,1,0.5545282124229493,False
37,5,1,0.4,0.015,0.5,propagule,4154,7,4,0.5575349061145883,False
37,5,2,0.4,0.015,0.5,propagule,4105,12,5,0.5580998781973203,False
37,5,3,0.4,0.015,0.5,propagule,4073,8,2,0.562975693591947,False
37,5,4,0.4,0.015,0.5,propagule,4048,8,3,0.5620059288537549,False
37,5,5,0.4,0.015,0.5,propagule,4004,7,2,0.5624375624375625,False
37,5,6,0.4,0.015,0.5,propagule,3968,6,2,0.563508064516129,False
37,5,7,0.4,0.015,0.5,propagule,3932,6,3,0.564852492370295,False
37,5,8,0.4,0.015,0.5,propagule,3888,7,3,0.5635288065843621,False
37,5,9,0.4,0.015,0.5,propagule,3856,6,2,0.5679460580912863,False
37,5,10,0.4,0.015,0.5,propagule,3831,5,3,0.5677368833202819,False
37,5,11,0.4,0.015,0.5,propagule,3808,6,2,0.5709033613445378,False
37,5,12,0.4,0.015,0.5,propagule,3779,4,3,0.572902884360942,False
37,5,13,0.4,0.015,0.5,propagule,3746,5,3,0.5747463961558996,False
37,5,14,0.4,0.015,0.5,propagule,3718,2,1,0.5782678859601936,False
37,5,15,0.4,0.015,0.5,propagule,3692,4,1,0.5804442036836404,False
37,5,16,0.4,0.015,0.5,propagule,3677,3,1,0.5806363883600761,False
37,5,17,0.4,0.015,0.5,propagule,3642,4,3,0.5809994508511807,False
37,5,18,0.4,0.015,0.5,propagule,7665,3,2,0.27488584474885847,False
37,5,19,0.4,0.015,0.5,propagule,7553,1,0,0.2785648086852906,False
37,5,20,0.4,0.015,0.5,propagule,7452,1,0,0.2805958132045089,False
37,5,21,0.4,0.015,0.5,propagule,7334,1,0,0.28306517589310065,False
37,5,22,0.4,0.015,0.5,propagule,7189,1,1,0.2882181110029211,False
37,5,23,0.4,0.015,0.5,propagule,7042,4,1,0.2922465208747515,False
37,5,24,0.4,0.015,0.5,propagule,6911,3,0,0.2969179568803357,False
37,5,25,0.4,0.015,0.5,propagule,6764,3,1,0.3011531638083974,False
37,5,26,0.4,0.015,0.5,propagule,6608,4,2,0.3037227602905569,False
37,5,27,0.4,0.015,0.5,propagule,6454,11,1,0.3080260303687636,False
37,5,28,0.4,0.015,0.5,propagule,6299,10,2,0.31147801238291795,False
37,5,29,0.4,0.015,0.5,propagule,6160,12,5,0.3150974025974026,False
37,5,30,0.4,0.015,0.5,propagule,6009,11,7,0.3203528041271426,False
37,5,31,0.4,0.015,0.5,propagule,5898,10,5,0.3243472363513055,False
37,5,32,0.4,0.015,0.5,propagule,5804,7,2,0.3280496209510682,False
37,5,33,0.4,0.015,0.5,propagule,5695,7,1,0.3320456540825285,False
37,5,34,0.4,0.015,0.5,propagule,5609,6,4,0.3339276163308968,False
37,5,35,0.4,0.015,0.5,propagule,5500,9,4,0.513090909090909,False
37,5,36,0.4,0.015,0.5,propagule,5397,5,2,0.5152862701500833,False
37,5,37,0.4,0.015,0.5,propagule,5241,8,3,0.5184125166952872,False
37,5,38,0.4,0.015,0.5,propagule,5186,7,4,0.5208252988816043,False
37,5,39,0.4,0.015,0.5,propagule,5128,10,3,0.5232059282371295,False
37,5,40,0.4,0.015,0.5,propagule,5057,6,3,0.5246193395293652,False
37,5,41,0.4,0.015,0.5,propagule,5068,5,3,0.5299921073401737,False
37,5,42,0.4,0.015,0.5,propagule,5027,2,1,0.530932962005172,False
37,5,43,0.4,0.015,0.5,propagule,4985,4,1,0.5325977933801405,False
37,5,44,0.4,0.015,0.5,propagule,4980,3,0,0.5359437751004016,False
37,5,45,0.4,0.015,0.5,propagule,4956,3,1,0.538135593220339,False
37,5,46,0.4,0.015,0.5,propagule,4886,3,3,0.5382726156365125,False
37,5,47,0.4,0.015,0.5,propagule,4848,2,2,0.539397689768977,False
37,5,48,0.4,0.015,0.5,propagule,4818,0,0,0.5417185554171855,True
37,5,49,0.4,0.015,0.5,propagule,4807,0,0,0.5412939463282713,True
37,5,50,0.4,0.015,0.5,propagule,4760,0,0,0.5436974789915966,True
37,5,51,0.4,0.015,0.5,propagule,4713,0,0,0.5450880543178442,True
37,5,52,0.4,0.015,0.5,propagule,4670,0,0,0.5447537473233405,True
37,6,1,0.4,0.015,0.5,propagule,4629,0,0,0.5482825664290344,True
37,6,2,0.4,0.015,0.5,propagule,4601,0,0,0.5516192132145186,True
37,6,3,0.4,0.015,0.5,propagule,4557,0,0,0.5527759490893132,True
37,6,4,0.4,0.015,0.5,propagule,4539,0,0,0.5540868032606301,True
37,6,5,0.4,0.015,0.5,propagule,4487,0,0,0.5538221528861155,True
37,6,6,0.4,0.015,0.5,propagule,4455,0,0,0.5537598204264871,True
37,6,7,0.4,0.015,0.5,propagule,4406,0,0,0.5562868815251929,True
37,6,8,0.4,0.015,0.5,propagule,4352,0,0,0.5583639705882353,True
37,6,9,0.4,0.015,0.5,propagule,4307,0,0,0.5576967726956118,True
37,6,10,0.4,0.015,0.5,propagule,4291,0,0,0.5579119086460033,True
37,6,11,0.4,0.015,0.5,propagule,4236,0,0,0.5580736543909348,True
37,6,12,0.4,0.015,0.5,propagule,4201,0,0,0.5591525827184004,True
37,6,13,0.4,0.015,0.5,propagule,4159,0,0,0.5628756912719404,True
37,6,14,0.4,0.015,0.5,propagule,4106,0,0,0.5638090599123234,True
37,6,15,0.4,0.015,0.5,propagule,4058,0,0,0.5660423854115327,True
37,6,16,0.4,0.015,0.5,propagule,4030,0,0,0.5667493796526054,True
37,6,17,0.4,0.015,0.5,propagule,3982,0,0,0.5678051230537419,True
37,6,18,0.4,0.015,0.5,propagule,8167,0,0,0.27684584302681525,True
37,6,19,0.4,0.015,0.5,propagule,8062,0,0,0.278714959067229,True
37,6,20,0.4,0.015,0.5,propagule,7905,0,0,0.28285895003162553,True
37,6,21,0.4,0.015,0.5,propagule,7748,0,0,0.2871708828084667,True
37,6,22,0.4,0.015,0.5,propagule,7578,0,0,0.29110583267352863,True
37,6,23,0.4,0.015,0.5,propagule,7444,0,0,0.29406233207952714,True
37,6,24,0.4,0.015,0.5,propagule,7279,0,0,0.2978431103173513,True
37,6,25,0.4,0.015,0.5,propagule,7142,0,0,0.3007560907308877,True
37,6,26,0.4,0.015,0.5,propagule,7021,0,0,0.3046574562028201,True
37,6,27,0.4,0.015,0.5,propagule,6858,0,0,0.30723242927967337,True
37,6,28,0.4,0.015,0.5,propagule,6726,0,0,0.3113291703835861,True
37,6,29,0.4,0.015,0.5,propagule,6594,0,0,0.3143767060964513,True
37,6,30,0.4,0.015,0.5,propagule,6471,0,0,0.31818884252820273,True
37,6,31,0.4,0.015,0.5,propagule,6365,0,0,0.3216025137470542,True
37,6,32,0.4,0.015,0.5,propagule,6244,0,0,0.3243113388853299,True
37,6,33,0.4,0.015,0.5,propagule,6137,0,0,0.3284992667427082,True
37,6,34,0.4,0.015,0.5,propagule,6033,0,0,0.3300182330515498,True
37,6,35,0.4,0.015,0.5,propagule,5896,0,0,0.510854816824966,True
37,6,36,0.4,0.015,0.5,propagule,5763,0,0,0.5162241887905604,True
37,6,37,0.4,0.015,0.5,propagule,5612,0,0,0.5204918032786885,True
37,6,38,0.4,0.015,0.5,propagule,5548,0,0,0.5237923576063447,True
37,6,39,0.4,0.015,0.5,propagule,5486,0,0,0.5249726576740795,True
37,6,40,0.4,0.015,0.5,propagule,5426,0,0,0.5285661629192776,True
37,6,41,0.4,0.015,0.5,propagule,5474,0,0,0.5323346729996347,True
37,6,42,0.4,0.015,0.5,propagule,5422,0,0,0.534304684618222,True
37,6,43,0.4,0.015,0.5,propagule,5367,0,0,0.5364263089249115,True
37,6,44,0.4,0.015,0.5,propagule,5341,0,0,0.5384759408350496,True
37,6,45,0.4,0.015,0.5,propagule,5315,0,0,0.5435559736594544,True
37,6,46,0.4,0.015,0.5,propagule,5250,0,0,0.5417142857142857,True
37,6,47,0.4,0.015,0.5,propagule,5231,0,0,0.546549416937488,True
37,6,48,0.4,0.015,0.5,propagule,5210,1,0,0.5443378119001919,False
37,6,49,0.4,0.015,0.5,propagule,5185,0,0,0.5473481195756992,False
37,6,50,0.4,0.015,0.5,propagule,5156,0,0,0.5494569433669512,False
37,6,51,0.4,0.015,0.5,propagule,5114,0,0,0.5490809542432538,False
37,6,52,0.4,0.015,0.5,propagule,5058,0,0,0.5521945432977462,False
37,7,1,0.4,0.015,0.5,propagule,5031,0,0,0.5515802027429935,False
37,7,2,0.4,0.015,0.5,propagule,4991,0,0,0.5547986375475856,False
37,7,3,0.4,0.015,0.5,propagule,4946,0,0,0.5549939344925192,False
37,7,4,0.4,0.015,0.5,propagule,4889,0,0,0.5555328287993455,True
37,7,5,0.4,0.015,0.5,propagule,4854,0,0,0.5570663370416151,True
37,7,6,0.4,0.015,0.5,propagule,4826,0,0,0.5592623290509738,True
37,7,7,0.4,0.015,0.5,propagule,4792,0,0,0.5601001669449082,True
37,7,8,0.4,0.015,0.5,propagule,4739,0,0,0.5638320320742772,True
37,7,9,0.4,0.015,0.5,propagule,4693,0,0,0.56552311953974,True
37,7,10,0.4,0.015,0.5,propagule,4629,0,0,0.5668610931086627,True
37,7,11,0.4,0.015,0.5,propagule,4575,0,0,0.5696174863387978,True
37,7,12,0.4,0.015,0.5,propagule,4539,0,0,0.5719321436439745,True
37,7,13,0.4,0.015,0.5,propagule,4501,0,0,0.5729837813819151,True
37,7,14,0.4,0.015,0.5,propagule,4454,0,0,0.5740907049842838,True
37,7,15,0.4,0.015,0.5,propagule,4423,0,0,0.5781144019895998,True
37,7,16,0.4,0.015,0.5,propagule,4388,0,0,0.5781677301731997,True
37,7,17,0.4,0.015,0.5,propagule,4372,0,0,0.5793687099725526,True
37,7,18,0.4,0.015,0.5,propagule,9384,0,0,0.2687553282182438,True
37,7,19,0.4,0.015,0.5,propagule,9256,0,0,0.2718236819360415,True
37,7,20,0.4,0.015,0.5,propagule,9052,0,0,0.273972602739726,True
37,7,21,0.4,0.015,0.5,propagule,8897,0,0,0.2776216702259188,True
37,7,22,0.4,0.015,0.5,propagule,8663,0,0,0.28350455962137827,True
37,7,23,0.4,0.015,0.5,propagule,8506,0,0,0.28662120855866446,True
37,7,24,0.4,0.015,0.5,propagule,8376,0,0,0.2891595033428844,True
37,7,25,0.4,0.015,0.5,propagule,8199,0,0,0.29271862422246614,True
37,7,26,0.4,0.015,0.5,propagule,8047,0,0,0.2950167764384243,True
37,7,27,0.4,0.015,0.5,propagule,7888,0,0,0.3002028397565923,True
37,7,28,0.4,0.015,0.5,propagule,7764,0,0,0.30409582689335396,True
37,7,29,0.4,0.015,0.5,propagule,7674,0,0,0.3057075840500391,True
37,7,30,0.4,0.015,0.5,propagule,7524,0,0,0.30994152046783624,True
37,7,31,0.4,0.015,0.5,propagule,7374,0,0,0.31190669921345265,True
37,7,32,0.4,0.015,0.5,propagule,7245,0,0,0.3146997929606625,True
37,7,33,0.4,0.015,0.5,propagule,7076,0,0,0.32009609949123796,True
37,7,34,0.4,0.015,0.5,propagule,6955,0,0,0.32221423436376706,True
37,7,35,0.4,0.015,0.5,propagule,6784,0,0,0.5061910377358491,True
37,7,36,0.4,0.015,0.5,propagule,6672,0,0,0.5091426858513189,True
37,7,37,0.4,0.015,0.5,propagule,6564,0,0,0.5102071907373553,True
37,7,38,0.4,0.015,0.5,propagule,6510,0,0,0.5122887864823349,True
37,7,39,0.4,0.015,0.5,propagule,6449,0,0,0.5126376182353853,True
37,7,40,0.4,0.015,0.5,propagule,6391,0,0,0.5135346581129714,True
37,7,41,0.4,0.015,0.5,propagule,6354,0,0,0.5180988353792887,True
37,7,42,0.4,0.015,0.5,propagule,6274,0,0,0.5216767612368505,True
37,7,43,0.4,0.015,0.5,propagule,6205,0,0,0.5195809830781628,True
37,7,44,0.4,0.015,0.5,propagule,6154,0,0,0.5209619759506012,True
37,7,45,0.4,0.015,0.5,propagule,6142,0,0,0.5232823184630414,True
37,7,46,0.4,0.015,0.5,propagule,6060,0,0,0.5216171617161716,True
37,7,47,0.4,0.015,0.5,propagule,6061,0,0,0.5225210361326513,True
37,7,48,0.4,0.015,0.5,propagule,6029,0,0,0.5247968153922707,True
37,7,49,0.4,0.015,0.5,propagule,5992,0,0,0.5275367156208278,True
37,7,50,0.4,0.015,0.5,propagule,5953,0,0,0.5304888291617672,True
37,7,51,0.4,0.015,0.5,propagule,5906,0,0,0.5306467998645445,True
37,7,52,0.4,0.015,0.5,propagule,5868,0,0,0.5315269256987049,True
37,8,1,0.4,0.015,0.5,propagule,5815,0,0,0.5337919174548581,True
37,8,2,0.4,0.015,0.5,propagule,5761,0,0,0.5382746051032807,True
37,8,3,0.4,0.015,0.5,propagule,5704,0,0,0.539796633941094,True
37,8,4,0.4,0.015,0.5,propagule,5658,0,0,0.5422410745846589,True
37,8,5,0.4,0.015,0.5,propagule,5590,0,0,0.5415026833631484,True
37,8,6,0.4,0.015,0.5,propagule,5523,0,0,0.5458989679521999,True
37,8,7,0.4,0.015,0.5,propagule,5484,0,0,0.5450401167031363,True
37,8,8,0.4,0.015,0.5,propagule,5417,0,0,0.5467971201772198,True
37,8,9,0.4,0.015,0.5,propagule,5354,0,0,0.5481882704519985,True
37,8,10,0.4,0.015,0.5,propagule,5294,0,0,0.550623347185493,True
37,8,11,0.4,0.015,0.5,propagule,5241,0,0,0.5518030910131654,True
37,8,12,0.4,0.015,0.5,propagule,5207,0,0,0.5507970040330324,True
37,8,13,0.4,0.015,0.5,propagule,5153,0,0,0.5552105569571124,True
37,8,14,0.4,0.015,0.5,propagule,5103,0,0,0.5573192239858906,True
37,8,15,0.4,0.015,0.5,propagule,5057,0,0,0.5562586513743326,True
37,8,16,0.4,0.015,0.5,propagule,4997,0,0,0.5561336802081249,True
37,8,17,0.4,0.015,0.5,propagule,4946,0,0,0.5586332389809947,True
37,8,18,0.4,0.015,0.5,propagule,10311,0,0,0.2666084763844438,True
37,8,19,0.4,0.015,0.5,propagule,10229,0,0,0.2674748264737511,True
37,8,20,0.4,0.015,0.5,propagule,10026,0,0,0.27259126271693596,True
37,8,21,0.4,0.015,0.5,propagule,9848,0,0,0.27538586515028435,True
37,8,22,0.4,0.015,0.5,propagule,9692,0,0,0.27858027238959965,True
37,8,23,0.4,0.015,0.5,propagule,9510,0,0,0.282124079915878,True
37,8,24,0.4,0.015,0.5,propagule,9287,0,0,0.2869602670399483,True
37,8,25,0.4,0.015,0.5,propagule,9090,0,0,0.2902090209020902,True
37,8,26,0.4,0.015,0.5,propagule,8863,0,0,0.29279025160780775,True
37,8,27,0.4,0.015,0.5,propagule,8696,0,0,0.29634314627414904,True
37,8,28,0.4,0.015,0.5,propagule,8519,0,0,0.3001526000704308,True
37,8,29,0.4,0.015,0.5,propagule,8304,0,0,0.3057562620423892,True
37,8,30,0.4,0.015,0.5,propagule,8184,0,0,0.30877321603128055,True
37,8,31,0.4,0.015,0.5,propagule,8004,0,0,0.3142178910544728,True
37,8,32,0.4,0.015,0.5,propagule,7875,0,0,0.31822222222222224,True
37,8,33,0.4,0.015,0.5,propagule,7718,0,0,0.32158590308370044,True
37,8,34,0.4,0.015,0.5,propagule,7584,0,0,0.3241033755274262,True
37,8,35,0.4,0.015,0.5,propagule,7397,0,0,0.5041232932269839,True
37,8,36,0.4,0.015,0.5,propagule,7231,0,0,0.507398700041488,True
37,8,37,0.4,0.015,0.5,propagule,7134,0,0,0.509251471825063,True
37,8,38,0.4,0.015,0.5,propagule,7059,0,0,0.5122538603201586,True
37,8,39,0.4,0.015,0.5,propagule,6985,0,0,0.5139584824624195,True
37,8,40,0.4,0.015,0.5,propagule,6904,0,0,0.5146292004634995,True
37,8,41,0.4,0.015,0.5,propagule,6851,0,0,0.5174427090935629,True
37,8,42,0.4,0.015,0.5,propagule,6787,0,0,0.5176071902165905,True
37,8,43,0.4,0.015,0.5,propagule,6710,0,0,0.519672131147541,True
37,8,44,0.4,0.015,0.5,propagule,6648,0,0,0.5209085439229844,True
37,8,45,0.4,0.015,0.5,propagule,6591,0,0,0.5234410559854347,True
37,8,46,0.4,0.015,0.5,propagule,6497,0,0,0.5240880406341388,True
37,8,47,0.4,0.015,0.5,propagule,6479,0,0,0.525081031023306,True
37,8,48,0.4,0.015,0.5,propagule,6458,0,0,0.5260142458965624,True
37,8,49,0.4,0.015,0.5,propagule,6438,0,0,0.5278036657347002,True
37,8,50,0.4,0.015,0.5,propagule,6405,0,0,0.5288056206088994,True
37,8,51,0.4,0.015,0.5,propagule,6379,0,0,0.5292365574541464,True
37,8,52,0.4,0.015,0.5,propagule,6323,0,0,0.5309188676261268,True
37,9,1,0.4,0.015,0.5,propagule,6283,0,0,0.5328664650644597,True
37,9,2,0.4,0.015,0.5,propagule,6221,0,0,0.5346407330011252,True
37,9,3,0.4,0.015,0.5,propagule,6172,0,0,0.5362929358392742,True
37,9,4,0.4,0.015,0.5,propagule,6117,0,0,0.537027954879843,True
37,9,5,0.4,0.015,0.5,propagule,6059,0,0,0.5390328437035814,True
37,9,6,0.4,0.015,0.5,propagule,5995,0,0,0.5417848206839032,True
37,9,7,0.4,0.015,0.5,propagule,5935,0,0,0.5435551811288963,True
37,9,8,0.4,0.015,0.5,propagule,5887,0,0,0.543910310854425,True
37,9,9,0.4,0.015,0.5,propagule,5829,0,0,0.546062789500772,True
37,9,10,0.4,0.015,0.5,propagule,5778,0,0,0.5467289719626168,True
37,9,11,0.4,0.015,0.5,propagule,5722,0,0,0.547885354771059,True
37,9,12,0.4,0.015,0.5,propagule,5658,0,0,0.5482502651113468,True
37,9,13,0.4,0.015,0.5,propagule,5605,0,0,0.5489741302408564,True
37,9,14,0.4,0.015,0.5,propagule,5546,0,0,0.5512080778939776,True
37,9,15,0.4,0.015,0.5,propagule,5489,0,0,0.5529240298779377,True
37,9,16,0.4,0.015,0.5,propagule,5423,0,0,0.5552277337267195,True
37,9,17,0.4,0.015,0.5,propagule,5372,0,0,0.556217423678332,True
37,9,18,0.4,0.015,0.5,propagule,10963,0,0,0.26151600839186356,True
37,9,19,0.4,0.015,0.5,propagule,10831,0,0,0.26451851167943863,True
37,9,20,0.4,0.015,0.5,propagule,10625,0,0,0.2680470588235294,True
37,9,21,0.4,0.015,0.5,propagule,10410,0,0,0.2723342939481268,True
37,9,22,0.4,0.015,0.5,propagule,10153,0,0,0.27666699497685415,True
37,9,23,0.4,0.015,0.5,propagule,9943,0,0,0.28039827013979685,True
37,9,24,0.4,0.015,0.5,propagule,9760,0,0,0.28565573770491803,True
37,9,25,0.4,0.015,0.5,propagule,9587,0,0,0.2901846250130385,True
37,9,26,0.4,0.015,0.5,propagule,9417,0,0,0.2939364978230859,True
37,9,27,0.4,0.015,0.5,propagule,9209,0,0,0.29796937778260396,True
37,9,28,0.4,0.015,0.5,propagule,8998,0,0,0.3027339408757502,True
37,9,29,0.4,0.015,0.5,propagule,8842,0,0,0.305926261026917,True
37,9,30,0.4,0.015,0.5,propagule,8704,0,0,0.3092830882352941,True
37,9,31,0.4,0.015,0.5,propagule,8529,0,0,0.3126978543791769,True
37,9,32,0.4,0.015,0.5,propagule,8349,0,0,0.31668463289016646,True
37,9,33,0.4,0.015,0.5,propagule,8198,0,0,0.3202000487923884,True
37,9,34,0.4,0.015,0.5,propagule,8011,0,0,0.32530270877543377,True
37,9,35,0.4,0.015,0.5,propagule,7852,0,0,0.5073866530820174,True
37,9,36,0.4,0.015,0.5,propagule,7710,0,0,0.5098573281452659,True
37,9,37,0.4,0.015,0.5,propagule,7589,0,0,0.5120569244959811,True
37,9,38,0.4,0.015,0.5,propagule,7518,0,0,0.5150305932428837,True
37,9,39,0.4,0.015,0.5,propagule,7420,0,0,0.5165768194070081,True
37,9,40,0.4,0.015,0.5,propagule,7339,0,0,0.5180542308216378,True
37,9,41,0.4,0.015,0.5,propagule,7301,0,0,0.524311738118066,True
37,9,42,0.4,0.015,0.5,propagule,7229,0,0,0.5266288559966801,True
37,9,43,0.4,0.015,0.5,propagule,7151,0,0,0.5281778772199692,True
37,9,44,0.4,0.015,0.5,propagule,7125,0,0,0.527438596491228,True
37,9,45,0.4,0.015,0.5,propagule,7091,0,0,0.5288393738541813,True
37,9,46,0.4,0.015,0.5,propagule,6994,0,0,0.5311695739205032,True
37,9,47,0.4,0.015,0.5,propagule,6970,0,0,0.5302725968436155,True
37,9,48,0.4,0.015,0.5,propagule,6932,0,0,0.5321696480092325,True
37,9,49,0.4,0.015,0.5,propagule,6887,0,0,0.5325976477421228,True
37,9,50,0.4,0.015,0.5,propagule,6819,0,0,0.5349758029036515,True
37,9,51,0.4,0.015,0.5,propagule,6774,0,0,0.5354295837023915,True
37,9,52,0.4,0.015,0.5,propagule,6717,0,0,0.5361024266785768,True
37,10,1,0.4,0.015,0.5,propagule,6658,0,0,0.5396515470111144,True
37,10,2,0.4,0.015,0.5,propagule,6597,0,0,0.5402455661664393,True
37,10,3,0.4,0.015,0.5,propagule,6534,0,0,0.5404040404040404,True
37,10,4,0.4,0.015,0.5,propagule,6496,0,0,0.5423337438423645,True
37,10,5,0.4,0.015,0.5,propagule,6449,0,0,0.5444254923243914,True
37,10,6,0.4,0.015,0.5,propagule,6399,0,0,0.5469604625722769,True
37,10,7,0.4,0.015,0.5,propagule,6335,0,0,0.5483820047355958,True
37,10,8,0.4,0.015,0.5,propagule,6275,0,0,0.5499601593625498,True
37,10,9,0.4,0.015,0.5,propagule,6197,0,0,0.5517185735033081,True
37,10,10,0.4,0.015,0.5,propagule,6133,0,0,0.5532365889450513,True
37,10,11,0.4,0.015,0.5,propagule,6085,0,0,0.5551355792933443,True
37,10,12,0.4,0.015,0.5,propagule,6013,0,0,0.5581240645268585,True
37,10,13,0.4,0.015,0.5,propagule,5948,0,0,0.5598520511096167,True
37,10,14,0.4,0.015,0.5,propagule,5885,0,0,0.5627867459643161,True
37,10,15,0.4,0.015,0.5,propagule,5831,0,0,0.565597667638484,True
37,10,16,0.4,0.015,0.5,propagule,5776,0,0,0.5676939058171745,True
37,10,17,0.4,0.015,0.5,propagule,5727,0,0,0.56905884407194,True
37,10,18,0.4,0.015,0.5,propagule,12004,0,0,0.26466177940686436,True
37,10,19,0.4,0.015,0.5,propagule,11832,0,0,0.26631169709263014,True
37,10,20,0.4,0.015,0.5,propagule,11553,0,0,0.270059724746819,True
37,10,21,0.4,0.015,0.5,propagule,11322,0,0,0.27503974562798095,True
37,10,22,0.4,0.015,0.5,propagule,11082,0,0,0.2782891174878181,True
37,10,23,0.4,0.015,0.5,propagule,10873,0,0,0.2819828934056838,True
37,10,24,0.4,0.015,0.5,propagule,10670,0,0,0.2850984067478913,True
37,10,25,0.4,0.015,0.5,propagule,10416,0,0,0.2880184331797235,True
37,10,26,0.4,0.015,0.5,propagule,10184,0,0,0.2921249018067557,True
37,10,27,0.4,0.015,0.5,propagule,9994,0,0,0.29437662597558534,True
37,10,28,0.4,0.015,0.5,propagule,9798,0,0,0.2980200040824658,True
37,10,29,0.4,0.015,0.5,propagule,9591,0,0,0.30059430716296526,True
37,10,30,0.4,0.015,0.5,propagule,9369,0,0,0.3040879496210908,True
37,10,31,0.4,0.015,0.5,propagule,9187,0,0,0.30826167410471317,True
37,10,32,0.4,0.015,0.5,propagule,8995,0,0,0.31161756531406337,True
37,10,33,0.4,0.015,0.5,propagule,8799,0,0,0.31435390385271056,True
37,10,34,0.4,0.015,0.5,propagule,8625,0,0,0.3183768115942029,True
37,10,35,0.4,0.015,0.5,propagule,8466,0,0,0.49551145759508625,True
37,10,36,0.4,0.015,0.5,propagule,8302,0,0,0.49771139484461574,True
37,10,37,0.4,0.015,0.5,propagule,8176,0,0,0.5006115459882583,True
37,10,38,0.4,0.015,0.5,propagule,8091,0,0,0.5030280558645408,True
37,10,39,0.4,0.015,0.5,propagule,7989,0,0,0.5051946426336212,True
37,10,40,0.4,0.015,0.5,propagule,7906,0,0,0.5072097141411586,True
37,10,41,0.4,0.015,0.5,propagule,7936,0,0,0.5122227822580645,True
37,10,42,0.4,0.015,0.5,propagule,7869,0,0,0.5139153640869234,True
37,10,43,0.4,0.015,0.5,propagule,7789,0,0,0.5134163564000513,True
37,10,44,0.4,0.015,0.5,propagule,7744,0,0,0.5179493801652892,True
37,10,45,0.4,0.015,0.5,propagule,7722,0,0,0.5176120176120176,True
37,10,46,0.4,0.015,0.5,propagule,7640,0,0,0.5162303664921466,True
37,10,47,0.4,0.015,0.5,propagule,7592,0,0,0.5188356164383562,True
37,10,48,0.4,0.015,0.5,propagule,7537,0,0,0.5189067268143824,True
37,10,49,0.4,0.015,0.5,propagule,7503,0,0,0.5207250433160069,True
37,10,50,0.4,0.015,0.5,propagule,7446,0,0,0.5216223475691647,True
37,10,51,0.4,0.015,0.5,propagule,7384,0,0,0.5231581798483207,True
37,10,52,0.4,0.015,0.5,propagule,7323,0,0,0.5246483681551277,True
37,11,1,0.4,0.015,0.5,propagule,7263,0,0,0.5262288310615448,True
37,11,2,0.4,0.015,0.5,propagule,7209,0,0,0.5265640172007213,True
37,11,3,0.4,0.015,0.5,propagule,7125,0,0,0.527298245614035,True
37,11,4,0.4,0.015,0.5,propagule,7068,0,0,0.532258064516129,True
37,11,5,0.4,0.015,0.5,propagule,7004,0,0,0.5346944603083952,True
37,11,6,0.4,0.015,0.5,propagule,6934,0,0,0.536486876261898,True
37,11,7,0.4,0.015,0.5,propagule,6846,0,0,0.5388548057259713,True
37,11,8,0.4,0.015,0.5,propagule,6801,0,0,0.5406557859138362,True
37,11,9,0.4,0.015,0.5,propagule,6727,0,0,0.5419949457410436,True
37,11,10,0.4,0.015,0.5,propagule,6675,0,0,0.5427715355805244,True
37,11,11,0.4,0.015,0.5,propagule,6613,0,0,0.5458944503251172,True
37,11,12,0.4,0.015,0.5,propagule,6543,0,0,0.5462326150084059,True
37,11,13,0.4,0.015,0.5,propagule,6484,0,0,0.5487353485502776,True
37,11,14,0.4,0.015,0.5,propagule,6425,0,0,0.5505058365758755,True
37,11,15,0.4,0.015,0.5,propagule,6349,0,0,0.5518979366829422,True
37,11,16,0.4,0.015,0.5,propagule,6293,0,0,0.5531542984268235,True
37,11,17,0.4,0.015,0.5,propagule,6238,0,0,0.5541840333440206,True
37,11,18,0.4,0.015,0.5,propagule,12848,0,0,0.2632316313823163,True
37,11,19,0.4,0.015,0.5,propagule,12654,0,0,0.26639797692429273,True
37,11,20,0.4,0.015,0.5,propagule,12441,0,0,0.26894944136323445,True
37,11,21,0.4,0.015,0.5,propagule,12193,0,0,0.27245140654473876,True
37,11,22,0.4,0.015,0.5,propagule,11944,0,0,0.27679169457468183,True
37,11,23,0.4,0.015,0.5,propagule,11735,0,0,0.2807839795483596,True
37,11,24,0.4,0.015,0.5,propagule,11484,0,0,0.2834378265412748,True
37,11,25,0.4,0.015,0.5,propagule,11292,0,0,0.2863974495217853,True
37,11,26,0.4,0.015,0.5,propagule,11094,0,0,0.28979628628087256,True
37,11,27,0.4,0.015,0.5,propagule,10908,0,0,0.291987532086542,True
37,11,28,0.4,0.015,0.5,propagule,10669,0,0,0.29562283250538945,True
37,11,29,0.4,0.015,0.5,propagule,10455,0,0,0.3006217120994739,True
37,11,30,0.4,0.015,0.5,propagule,10278,0,0,0.3034637088927807,True
37,11,31,0.4,0.015,0.5,propagule,10062,0,0,0.3069966209501093,True
37,11,32,0.4,0.015,0.5,propagule,9898,0,0,0.3109719135178824,True
37,11,33,0.4,0.015,0.5,propagule,9720,0,0,0.31594650205761315,True
37,11,34,0.4,0.015,0.5,propagule,9566,0,0,0.31862847585197573,True
37,11,35,0.4,0.015,0.5,propagule,9369,0,0,0.5025082719607216,True
37,11,36,0.4,0.015,0.5,propagule,9199,0,0,0.5055984346124579,True
37,11,37,0.4,0.015,0.5,propagule,8991,0,0,0.5090646201757313,True
37,11,38,0.4,0.015,0.5,propagule,8896,0,0,0.5111285971223022,True
37,11,39,0.4,0.015,0.5,propagule,8810,0,0,0.5129398410896708,True
37,11,40,0.4,0.015,0.5,propagule,8724,0,0,0.5144429160935351,True
37,11,41,0.4,0.015,0.5,propagule,8684,0,0,0.5171579917088899,True
37,11,42,0.4,0.015,0.5,propagule,8531,0,0,0.5197514945492908,True
37,11,43,0.4,0.015,0.5,propagule,8470,0,0,0.5188902007083825,True
37,11,44,0.4,0.015,0.5,propagule,8431,0,0,0.5198671569208873,True
37,11,45,0.4,0.015,0.5,propagule,8417,0,0,0.5235832244267554,True
37,11,46,0.4,0.015,0.5,propagule,8327,0,0,0.5234778431608023,True
37,11,47,0.4,0.015,0.5,propagule,8275,0,0,0.5245921450151058,True
37,11,48,0.4,0.015,0.5,propagule,8225,0,0,0.5260790273556231,True
37,11,49,0.4,0.015,0.5,propagule,8155,0,0,0.5274064990803188,True
37,11,50,0.4,0.015,0.5,propagule,8091,0,0,0.5289828204177481,True
37,11,51,0.4,0.015,0.5,propagule,8043,0,0,0.5320154171329106,True
37,11,52,0.4,0.015,0.5,propagule,7974,0,0,0.5337346375721094,True
